protein_id,protein_name,verified_activity,organism_id,organism_name,phylum,substrates, EMBL-GenBank-DDBJ_CDS,EMBL-GenBank-DDBJ_CDS,Ensembl_Protein,MGnify,PDB,RefSeq_Protein,UniParc,UniProtKB,UniRef100,UniRef50,UniRef90,literature_dois,sequence_length
1,IsPETase,1,1,Piscinibacter sakaiensis,Pseudomonadota,PEF|PET,,GAP38373;GAP38373.1,,,5XFY;5XFZ;5XG0;5XH2;5XH3;5XJH;5YFE;5YNS;6ANE;6EQD;6EQE;6EQF;6EQG;6EQH;6IJ3;6IJ4;6IJ5;6IJ6;6ILW;6ILX;6KUO;6KUQ;6KUS;6KY5;6QGC;7CQB;7CY0;7OSB;7QVH;7SH6;7VWN;7XTW;8CRU;8D1D;8GU4;8GU5;8H5J;8H5K;8H5L;8H5M;8H5O;8H83;8J17;8J45;8J5N;8VE9;8VEK;8VEL;8VEM;9LMS;9LMT;9LMU;9LMV;9LMW;9LMX,WP_054022242.1,UPI0006A8DE61,A0A0K8P6T7,UniRef100_A0A0K8P6T7,UniRef50_A0A0K8P6T7,UniRef90_A0A0K8P6T7,https://doi.org/10.1021/acscatal.0c05126|https://doi.org/10.1021/acscatal.9b00568|https://doi.org/10.1038/s41467-017-02255-z|https://doi.org/10.1038/s41586-022-04599-z|https://doi.org/10.1038/s41929-022-00821-3|https://doi.org/10.1126/science.aad6359|https://doi.org/10.3390/polym15071779|https://doi.org/10.1039/D4SU00722K,290
2,PET5,1,2,Oleispira antarctica,Pseudomonadota,PET,,CCK74972.1;CCK74972,,,,,UPI0003429338,R4YKL9,UniRef100_R4YKL9,UniRef50_A0A2K9LJV9,UniRef90_R4YKL9,https://doi.org/10.1128/AEM.01842-21|https://doi.org/10.1128/aem.02773-17,310
3,PET6,1,3,Vibrio gazogenes,Pseudomonadota,PET,,ASA57064.1;ASA57064,,,,,UPI000480AD3A,A0A1Z2SIQ1,UniRef100_A0A1Z2SIQ1,UniRef50_A0A1N6M769,UniRef90_A0A1Z2SIQ1,https://doi.org/10.1128/aem.02773-17,298
4,PET12,1,4,Caldimonas brevitalea,Pseudomonadota,PET,,AKJ29164.1;AKJ29164,,,,WP_047194864.1,UPI00064004B7,A0A0G3BI90,UniRef100_A0A0G3BI90,UniRef50_A0A0K8P6T7,UniRef90_A0A0G3BI90,https://doi.org/10.1002/cssc.202202277|https://doi.org/10.1038/s41929-021-00616-y|https://doi.org/10.1128/aem.02773-17,298
5,PLE628,1,5,Marinobacter sp.,Pseudomonadota,PBAT|PET,,UUT36764,,,,,,,,,,https://doi.org/10.1038/s41467-020-19583-2|https://doi.org/10.3389/fbioe.2022.930140,307
6,PLE629,1,5,Marinobacter sp.,Pseudomonadota,PBAT|PET,,UUT36763,,,,,,,,,,https://doi.org/10.1038/s41467-020-19583-2|https://doi.org/10.3389/fbioe.2022.930140,316
7,PpCutA,1,11,Ectopseudomonas oleovorans,Pseudomonadota,PET,,ADK73612;ADK73612.1,,,,,UPI0001F7277B,E9KJL1,UniRef100_E9KJL1,UniRef50_A0A2K9LJV9,UniRef90_E9KJL1,https://doi.org/10.1021/acs.est.7b00062|https://doi.org/10.1139/w11-083|https://doi.org/10.1002/cssc.202202277,302
9,PE-H,1,8,Halopseudomonas aestusnigri,Pseudomonadota,PET|PUR,,OWL88088.1;OWL88088;SEG46094,,,,WP_088276085.1,UPI00089F5A9D,A0A1H6AD45;A0AAQ1JQM2,UniRef100_A0AAQ1JQM2,UniRef50_A0A2K9LJV9,UniRef90_A0A1S8DKK6,https://doi.org/10.3389/fmicb.2020.00114,304
10,PmC,1,9,Ectopseudomonas mendocina,Pseudomonadota,PET,,ABP86951;ABP86951.1,,,2FX5,,UPI0000E79739,A4Y035,UniRef100_A4Y035,UniRef50_A0A1H2ERN9,UniRef90_A4Y035,https://doi.org/10.1021/ma9005318,258
11,Mors1,1,10,Moraxella sp. TA144,Pseudomonadota,PBS|PEF|PET|PHA|PLA|PUR,,CAA37220.1;CAA37220,,,8SPK,,UPI000012E6AB,P19833,UniRef100_P19833,UniRef50_P19833,UniRef90_P19833,https://doi.org/10.1128/AEM.01842-21|https://doi.org/10.1016/j.jhazmat.2022.128900|https://doi.org/10.1039/D4SU00722K,319
12,PpEst,1,11,Ectopseudomonas oleovorans,Pseudomonadota,PBAT,,CDM40731;CDM40731.1;MDH1341286;MDH1341286.1;SUD53360;SUD53360.1;SUD60278;SUD60278.1,,,,WP_003460012.1,UPI000273702F,W6R2Y2;A0A061D1S0,UniRef100_A0A061D1S0,UniRef50_Q9HZY8,UniRef90_A0A653BCE8,https://doi.org/10.1007/s00253-016-7992-8,201
13,MG8,1,12,Pseudomonas sp.,Pseudomonadota,PET,,,,MGYP000532440779,,,,,,,,https://doi.org/10.1002/anie.202203061,307
14,EstB,1,13,Pseudomonas sp. B10,Pseudomonadota,PET,,UFQ01240,,,,WP_085690612;WP_085690612.1,UPI000A1DF6D3,A0ABY3Q520,UniRef100_A0A3T0JPS3,UniRef50_Q53547,UniRef90_A0A448DQ89,https://doi.org/10.3390/ijms23105612,218
15,RgPETase,1,14,Piscinibacter gummiphilus,Pseudomonadota,PET,,ARN19491.1;ARN19491,,,7DZT;7DZU;7DZV,WP_085749752.1,UPI000A201A5A,A0A1W6L588,UniRef100_A0A1W6L588,UniRef50_A0A0K8P6T7,UniRef90_A0A1W6L588,https://doi.org/10.1016/j.jhazmat.2021.126075|https://doi.org/10.1002/cssc.202202277,292
16,LCC,1,15,,Actinomycetota,PC|PEF|PET|PUR,,AEV21261.1;AEV21261,,,4EB0;6THS;6THT;7VVC;7VVE;7W1N;7W44;7W45;7DS7;8CMV;8JMO;8JMP;8OTA;8QRJ;9QYP;9QYQ;9QYR;9QYS;9QYT;9QYU,,UPI000243C995,G9BY57,UniRef100_G9BY57,UniRef50_Q6A0I4,UniRef90_G9BY57,https://doi.org/10.1021/acs.biochem.7b01189|https://doi.org/10.1038/s41586-020-2149-4|https://doi.org/10.1128/aem.06725-11|https://doi.org/10.3390/polym9020065|https://doi.org/10.1002/cssc.202500944|https://doi.org/10.1021/acssuschemeng.4c00915,293
17,BhrPETase,1,16,bacterium HR29,,PC|PET,,GBD22443.1;GBD22443,,,7EOA,,UPI000CB4D10C,A0A2H5Z9R5;A0ACD6B9U1,UniRef100_A0ACD6B9U1,UniRef50_A0ACD6B9U1,UniRef90_A0ACD6B9U1,https://doi.org/10.1016/j.enzmictec.2020.109715|https://doi.org/10.1002/cssc.202500944,293
18,Cut190,1,17,Saccharomonospora viridis,Actinomycetota,PET,,BAO42836.1;BAO42836;KHF45735;KHF45735.1;ACU97777,,,4WFI;4WFJ;4WFK;5ZNO;5ZRQ;5ZRR;5ZRS;7CEF;7CEH;7CTR;7CTS;8IBL;8IBM;8Z2G;8Z2H;8Z2I;8Z2J;8Z2K,WP_015787089.1,UPI0001A384FF,W0TJ64;C7MVE8,UniRef100_C7MVE8,UniRef50_A0A543NNU7;UniRef50_A0A365HAJ8,UniRef90_C7MVE8,https://doi.org/10.1007/s00253-014-5860-y|https://doi.org/10.1007/s00253-014-6272-8|https://doi.org/10.1007/s00253-018-9374-x,304
19,TfH,1,389,Thermobifida sp.,Actinomycetota,PBAT|PC|PEF|PET|PLA,,CAH17553.1;AET05799.1;ADM47605.1;ADV92528.1;CBY05530.1;AAZ54921;EOR72035;AAZ54921.1;ADM47605;ADV92528;AET05799;CAH17553;CBY05530,,,4CG1;4CG2;4CG3;5ZOA;7QJQ;7QJR,WP_011291330.1,UPI00003C5D7A,Q6A0I4;A0A9P2TBN9;Q47RJ6,UniRef100_Q6A0I4,UniRef50_Q6A0I4,UniRef90_Q6A0I4,https://doi.org/10.1002/marc.200500410|https://doi.org/10.1007/s00449-006-0069-9|https://doi.org/10.1021/bm049582t|https://doi.org/10.1002/biot.201400620|https://doi.org/10.1002/bit.26372|https://doi.org/10.1002/cssc.202500944|https://doi.org/10.1007/s12010-013-0219-x|https://doi.org/10.1016/j.jbiotec.2016.02.006|https://doi.org/10.1016/j.nbt.2015.11.004|https://doi.org/10.1021/ma200949p|https://doi.org/10.1074/jbc.m800848200|https://doi.org/10.1128/aem.00239-13|https://doi.org/10.1128/jb.01899-06|https://doi.org/10.3390/catal7110318,301
20,BTA-2,1,18,Thermobifida fusca,Actinomycetota,PET,,CAH17554.1;CAH17554,,,,,UPI00004034DC,Q6A0I3,UniRef100_Q6A0I3,UniRef50_Q6A0I4,UniRef90_Q6A0I4,https://doi.org/10.1002/marc.200500410|https://doi.org/10.1007/s00449-006-0069-9|https://doi.org/10.1021/bm049582t|https://doi.org/10.1002/biot.201400620,301
21,Thf42_Cut1,1,18,Thermobifida fusca,Actinomycetota,PET,,ADV92528.1;ADM47605;ADV92528;AET05799;CAH17553;CBY05530,,,4CG1;4CG2;4CG3;5ZOA;7QJQ;7QJR,,UPI00003C5D7A,Q6A0I4,UniRef100_Q6A0I4,UniRef50_Q6A0I4,UniRef90_Q6A0I4,https://doi.org/10.1021/ma200949p,262
23,Tfu_0882,1,389,Thermobifida sp.,Actinomycetota,PET|PLA,,AAZ54920.1;AET05798;AET05798.1;AAZ54920,,,,,UPI0000585AC8,Q47RJ7;G8GER6,UniRef100_G8GER6,UniRef50_Q6A0I4,UniRef90_Q6A0I4,https://doi.org/10.1074/jbc.m800848200|https://doi.org/10.1021/ma200949p|https://doi.org/10.1002/biot.201400620|https://doi.org/10.1002/bit.26372|https://doi.org/10.1007/s12010-013-0219-x,319
24,TfCut1,1,18,Thermobifida fusca,Actinomycetota,PET,,CBY05529.1;CBY05529,,,,,UPI0001F244C8,E5BBQ2,UniRef100_E5BBQ2,UniRef50_Q6A0I4,UniRef90_Q6A0I4,https://doi.org/10.1021/ma200949p|https://doi.org/10.1002/biot.201400620,319
25,TfCut2,1,18,Thermobifida fusca,Actinomycetota,PEF|PET|PUR,,CBY05530;ADM47605;ADV92528;AET05799;CAH17553,,,4CG1;4CG2;4CG3;5ZOA;7QJQ;7QJR,,UPI00003C5D7A,Q6A0I4,UniRef100_Q6A0I4,UniRef50_Q6A0I4,UniRef90_Q6A0I4,https://doi.org/10.1002/bit.25941|https://doi.org/10.1007/s00253-014-5672-0|https://doi.org/10.1038/s41598-019-52379-z|https://doi.org/10.3390/polym9020065|https://doi.org/10.1039/D4SU00722K|https://doi.org/10.1002/biot.201400620,262
30,Tcur_1278,1,24,Thermomonospora curvata,Actinomycetota,PET|PUR,,ACY96861.1;ACY96861,,,7YKO;7YKP;7YKQ;8GZD,WP_012851645.1,UPI00019ECFA3,D1A9G5,UniRef100_D1A9G5,UniRef50_D1A9G5;UniRef50_A0A1H5UML9,UniRef90_D1A9G5,https://doi.org/10.1186/s13568-014-0044-9|https://doi.org/10.3390/polym9020065,289
31,Tcur0390,1,24,Thermomonospora curvata,Actinomycetota,PET|PUR,,ACY95991.1;ACY95991,,,,WP_012850775.1,UPI00019ED271,D1A2H1,UniRef100_D1A2H1,UniRef50_D1A9G5;UniRef50_Q9L2J6,UniRef90_D1A2H1,https://doi.org/10.1186/s13568-014-0044-9|https://doi.org/10.3390/polym9020065,292
32,Thh_Est,1,25,Thermobifida halotolerans,Actinomycetota,PET|PLA,,AFA45122.1;AFA45122,,,,,UPI00024FB2DC,H6WX58,UniRef100_H6WX58,UniRef50_Q6A0I4,UniRef90_A0AA97M4A3,https://doi.org/10.3390/polym4010617,262
33,Est1,1,88,Thermobifida alba,Actinomycetota,PBAT|PBS|PET|PLA,,BAI99230.2;BAI99230,,,,,UPI0002170DC6,D4Q9N1,UniRef100_D4Q9N1,UniRef50_Q6A0I4,UniRef90_F7IX06,https://doi.org/10.1016/j.jbiosc.2015.03.006|https://doi.org/10.1038/s41467-022-35237-x,296
34,Tha_Cut1,1,88,Thermobifida alba,Actinomycetota,PET,,,,,,,,,,,,https://doi.org/10.3109/10242422.2012.644435,262
35,Est119,1,88,Thermobifida alba,Actinomycetota,PBAT|PBS|PET|PLA,,BAK48590.1;BAK48590,,,3VIS;3WYN;6AID,,UPI0001CF81E0,F7IX06,UniRef100_F7IX06,UniRef50_Q6A0I4,UniRef90_F7IX06,https://doi.org/10.1007/s00253-010-2555-x|https://doi.org/10.1007/s00253-011-3781-6|https://doi.org/10.1111/febs.14781|https://doi.org/10.1038/s41467-022-35237-x|https://doi.org/10.1016/j.jbiosc.2015.03.006,300
36,BsEstB,1,28,Bacillus subtilis,Bacillota,PET,,ADH43200.1;ADH43200,,,,,UPI0001D9996A,D7R6G8,UniRef100_D7R6G8,UniRef50_P37967,UniRef90_P37967,https://doi.org/10.1002/btpr.610,489
37,PHL-7,1,122,Compost metagenome,,PC|PEF|PET,,,,,7NEI,,,,,,,https://doi.org/10.1002/cssc.202101062|https://doi.org/10.1021/acscatal.2c02275|https://doi.org/10.1002/cssc.202500944|https://doi.org/10.1039/D4SU00722K,259
38,PET27,1,30,Aequorivita sp. CIP111184,Bacteroidota,PET|PUR,,,,,,WP_111881932,,,,,,https://doi.org/10.3389/fmicb.2021.803896,364
39,PET30,1,31,Kaistella jeonii,Bacteroidota,PET|PUR,,KIA88187;KIA88187.1,,,7PZJ,WP_039353427;WP_039353427.1,UPI00057C759D,A0A0C1F4U8,UniRef100_A0A0C1F4U8,UniRef50_K4IHP4,UniRef90_A0A0C1F4U8,https://doi.org/10.3389/fmicb.2021.803896,366
40,PET2,1,32,Metagenome-derived with  no obvious affiliation,,PET,,ACC95208.1;ACC95208,,,7EC8;7ECB,,UPI00019DBCBC,C3RYL0;A0ACD6B8G0,UniRef100_A0ACD6B8G0,UniRef50_A0A2K9LJV9,UniRef90_A0ACD6B8G0,https://doi.org/10.1021/acscatal.1c01204|https://doi.org/10.1128/aem.02773-17,308
41,PET46,1,33,Candidatus Bathyarchaeota archaeon,Candidatus Bathyarchaeota,PET,,RLI42440.1;RLI42440,,,8B4U,,UPI000F145A36,A0A497NK85;A0ACD6BAI4,UniRef100_A0ACD6BAI4,UniRef50_A0ACD6BAI4,UniRef90_A0ACD6BAI4,https://doi.org/10.1038/s42004-023-00998-z,262
42,CalB,1,77,Moesziomyces antarcticus,Basidiomycota,PC|PET|PUR,,CAA83122.1;CAA83122;GAC74513;GAC74513.1,,,1LBS;1LBT;1TCA;1TCB;1TCC;3ICV;3ICW;3W9B;4K5Q;4K6G;4K6H;4K6K;4ZV7;5A6V;5A71;5GV5;6ISP;6ISQ;6ISR;6J1P;6J1Q;6J1R;6J1S;6J1T;6TP8;9EVI;9FDE,,UPI000012E6E9;UPI0002C1A635,P41365;M9MDK9,UniRef100_P41365;UniRef100_A0A2Z5XE61,UniRef50_P41365,UniRef90_P41365,https://doi.org/10.1016/j.procbio.2016.07.023|https://doi.org/10.1002/cssc.202100243|https://doi.org/10.1016/j.enzmictec.2010.09.011,342
43,FsC,1,34,Fusarium solani,Ascomycota,PA|PET,,AAA33335.1;AAA33334;AAA33334.1;AAA33335,,,1AGY;1CEX;1CUA;1CUB;1CUC;1CUD;1CUE;1CUF;1CUG;1CUH;1CUI;1CUJ;1CUS;1CUU;1CUV;1CUW;1CUX;1CUY;1CUZ;1FFA;1FFB;1FFC;1FFD;1FFE;1OXM;1XZA;1XZB;1XZC;1XZD;1XZE;1XZF;1XZG;1XZH;1XZI;1XZJ;1XZK;1XZL;1XZM;2CUT;3EF3;3ESA;3ESB;3ESC;3ESD;3QPA;3QPC,,UPI0000128702,P00590,UniRef100_P00590,UniRef50_P00590,UniRef90_P00590,https://doi.org/10.1002/pola.20684|https://doi.org/10.1021/ma9005318,230
44,HiC,1,35,Mycothermus thermophilus,Ascomycota,PBAT|PEF|PET,,,,,4OYY;4OYL,,UPI0000046655,A0A075B5G4,UniRef100_A0A075B5G4,UniRef50_A0A9P8VK17,UniRef90_A0A075B5G4,https://doi.org/10.1007/s13205-023-03555-6|https://doi.org/10.1016/j.nbt.2015.11.004|https://doi.org/10.1016/j.procbio.2016.07.023|https://doi.org/10.1021/ma9005318|https://doi.org/10.3109/10242422.2012.644435|https://doi.org/10.3390/catal7110318,194
46,PudA,1,56,Delftia acidovorans,Pseudomonadota,PLA|PUR,,BAA76305.1;BAA76305,,,,,UPI00000B82C0,Q9WX47,UniRef100_Q9WX47,UniRef50_A0A2Z3HW88,UniRef90_Q9WX47,https://doi.org/10.1016/S0922-338X(99)89001-1|https://doi.org/10.1016/s1389-1723(00)87663-x|https://doi.org/10.1128/aem.64.1.62-67.1998,548
47,LipasePueA,1,37,Pseudomonas chlororaphis,Pseudomonadota,PUR,,AAD22743.1;AAD22743,,,,,UPI00000BDF3E,Q9X3C0,UniRef100_Q9X3C0,UniRef50_Q4KBS6,UniRef90_Q4KBS6,https://doi.org/10.1016/S0964-8305(01)00042-7|https://doi.org/10.1016/S0964-8305(98)00057-2|https://doi.org/10.1016/S0964-8305(98)00067-5|https://doi.org/10.1111/j.1574-6968.2000.tb09056.x|https://doi.org/10.1111/j.1365-2672.2007.03447.x,617
48,LipasePueB,1,37,Pseudomonas chlororaphis,Pseudomonadota,PUR,,AAF01331.1;AAF01331;ABM54446;ABM54446.1,,,,,UPI00000B7487,Q9R9H2,UniRef100_Q9R9H2,UniRef50_Q9R9H2,UniRef90_Q9R9H2,https://doi.org/10.1016/S0964-8305(01)00042-7|https://doi.org/10.1016/S0964-8305(98)00057-2|https://doi.org/10.1111/j.1365-2672.2007.03447.x,567
49,EsterasePulA,1,38,Pseudomonas fluorescens,Pseudomonadota,PUR,,AAF66684.1;AAF66684,,,,,UPI00000BCDCF,Q9LAB9,UniRef100_Q9LAB9,UniRef50_P26504,UniRef90_Q9LAB9,https://doi.org/10.1016/S0964-8305(98)00068-7,451
50,PueA,1,39,Pseudomonas protegens,Pseudomonadota,PUR,,AAY92471.1;AAY92471;TMM66735,,,,WP_011061486.1,UPI000054D788,Q4KBS6;A0ABY2VM88,UniRef100_Q4KBS6,UniRef50_Q4KBS6,UniRef90_Q4KBS6,https://doi.org/10.1128/AEM.01448-16,617
51,PueB,1,39,Pseudomonas protegens,Pseudomonadota,PUR,,AAY92474.2;AAY92474;TMM66738,,,,WP_011061489.1,UPI00021A0003,Q4KBS3;A0ABY2VM86,UniRef100_Q4KBS3,UniRef50_Q4KBS6,UniRef90_Q4KBS3,https://doi.org/10.1128/AEM.01448-16,561
52,21kDalipase,1,40,Pestalotiopsis microspora,Ascomycota,PUR,,,,,,,,,,,,https://doi.org/10.1128/AEM.00521-11,
54,NylA,1,42,Pseudomonas sp. NK87,Pseudomonadota,PA,,AAA25908.1;AAA25908,,,,,UPI000016F72B,P13397,UniRef100_P13397,UniRef50_P13398,UniRef90_P13398,https://doi.org/10.1128/jb.171.6.3181-3186.1989,493
55,NylB,1,42,Pseudomonas sp. NK87,Pseudomonadota,PA,,,,,,,,,,,,https://doi.org/10.1128/jb.171.6.3181-3186.1989,
58,Hydrolase,1,44,Pseudoxanthomonas sp.,Pseudomonadota,PA,,,,,,,,,,,,https://doi.org/10.1016/j.polymdegradstab.2022.109868,
59,NylA,1,45,Paenarthrobacter ureafaciens,Actinomycetota,PA,,BAA05090.1;AAA24929.1;AAA24929;BAA05090,,,3A2P;3A2Q,WP_012476897.1,UPI000016FDD4,P13398,UniRef100_P13398,UniRef50_P13398,UniRef90_P13398,https://doi.org/10.1074/jbc.M109.041285|https://doi.org/10.1111/j.1432-1033.1977.tb11904.x|https://doi.org/10.1271/bbb1961.39.1219,493
60,NylB,1,45,Paenarthrobacter ureafaciens,Actinomycetota,PA,,CAA24927.1;BAA05087.1;BAA05087;CAA24927,,,2E8I;2ZLY;2ZM0;2ZM2;2ZM7;2ZM8;2ZM9;2ZMA;3A65;3A66;3VWL;3VWM;3VWN;3VWP;3VWQ;3VWR,,UPI0000130B34,P07061,UniRef100_P07061,UniRef50_P07061,UniRef90_P07061,https://doi.org/10.1128/jb.174.24.7948-7953.1992|https://doi.org/10.1038/s41467-024-45523-5,392
61,NylC,1,45,Paenarthrobacter ureafaciens,Actinomycetota,PA,,BAA01528.1;BAA05088.1;BAA01528;BAA05088,,,5XYG;5XYO;5XYP;5XYQ;5XYS;5XYT;5Y0L;5Y0M;7YU0;7YU1;7YU2,WP_012476895.1,UPI00000B67DA,Q79F77,UniRef100_Q79F77,UniRef50_Q79F77,UniRef90_Q79F77,https://doi.org/10.1128/jb.174.24.7948-7953.1992|https://doi.org/10.1128/aem.59.11.3978-3980.1993|https://doi.org/10.1038/s41467-024-45523-5,355
62,NylC,1,46,Agromyces sp. KY5R,Actinomycetota,PA,,BAE95769.2;BAE97622.2;BAE95769;BAE97622,,,3AXG,,UPI0000DBE719,Q1EPR5,UniRef100_Q1EPR5,UniRef50_Q79F77,UniRef90_Q79F77,https://doi.org/10.1128/aem.00777-07|https://doi.org/10.1038/s41467-024-45523-5,355
63,NylC,1,47,Kocuria sp. KY2,Actinomycetota,PA,,BAE95770.1;BAE95770,,,,,UPI0000D8557E,Q1EPR4,UniRef100_Q1EPR4,UniRef50_Q79F77,UniRef90_Q79F77,https://doi.org/10.1128/aem.00777-07|https://doi.org/10.1038/s41467-024-45523-5,355
65,Aryl Acylamidase,1,150,Nocardia farcinica,Actinomycetota,PA,,BAD57679;BAD57679.1,,,,WP_011209364.1,UPI000044E04B,Q5YVW2,UniRef100_Q5YVW2,UniRef50_A0A378WYN0;UniRef50_A0A7X6MS75,UniRef90_A0A0H5NIG0,https://doi.org/10.1002/bit.22139|https://doi.org/10.1038/s41467-024-45523-5,479
66,serineprotease,1,50,Actinomadura keratinilytica,Actinomycetota,PLA,,,,,,,,,,,,https://doi.org/10.2323/jgam.55.459,
67,protease,1,51,Amycolatopsis sp.,Actinomycetota,PLA,,,,,,,,,,,,https://doi.org/10.1002/1616-5195(200101)1:1<25::AID-MABI25>3.0.CO;2-3,
68,PLAase I,1,52,Amycolatopsis orientalis,Actinomycetota,PLA,,,,,,,,,,,,https://doi.org/10.1111/j.1574-6968.2008.01109.x,
69,PLAase II,1,52,Amycolatopsis orientalis,Actinomycetota,PLA,,ABY53108.1;ABY53108,,,,,UPI00016301E1,B0FLR6,UniRef100_B0FLR6,UniRef50_A0A2P2G2G7,UniRef90_A0A2P2G2G7,https://doi.org/10.1111/j.1574-6968.2008.01109.x,241
70,PLAase III,1,52,Amycolatopsis orientalis,Actinomycetota,PLA,,ABY67151.1;ABY67151,,,,,UPI000163ABDE,B0FY08,UniRef100_B0FY08,UniRef50_B0FY08,UniRef90_B0FY08,https://doi.org/10.1111/j.1574-6968.2008.01109.x,176
71,PLaA,1,53,Paenibacillus amylolyticus,Bacillota,PBS|PLA,,BAC67195.1;BAC67195,,,,,UPI000017D0E0,Q83VD0,UniRef100_Q83VD0,UniRef50_U5MVE2,UniRef90_Q83VD0,https://doi.org/10.1023/a:1021713711160|https://doi.org/10.1128/aem.69.5.2498-2504.2003,201
72,PLAdepolymerase,1,51,Amycolatopsis sp.,Actinomycetota,PLA,,,,,,,,,,,,https://doi.org/10.1128/aem.67.1.345-353.2001,
73,LipasePL,1,55,Alcaligenes sp.,Pseudomonadota,PLA,,,,,,,,,,,,https://doi.org/10.1023/a:1020450326301,
74,Esterase,1,57,Alcanivorax borkumensis,Pseudomonadota,PHA|PLA,,CAL17897.1;CAL17897,,,,WP_011589723.1,UPI0000DB37DF,Q0VLQ1,UniRef100_Q0VLQ1,UniRef50_Q0VLQ1,UniRef90_Q0VLQ1,https://doi.org/10.1021/acs.biomac.6b00223,305
75,Esterase,1,58,Rhodopseudomonas palustris,Pseudomonadota,PLA,,CAE26953.1;CAE26953;WCL91650;WCL91650.1,,,4PSU,WP_011157072.1,UPI0000226CFE,Q6N9M9,UniRef100_Q6N9M9,UniRef50_W0AI76;UniRef50_Q6N9M9,UniRef90_Q6N9M9,https://doi.org/10.1021/acs.biomac.6b00223,295
76,Subtilisin Savinase,1,59,Lederbergia lenta,Bacillota,PLA,,,,,1C9J;1C9M;1C9N;1GCI;1IAV;1JEA;1NDQ;1NDU;1Q5P;1SVN;1TK2;3BX1;4CFY;4CFZ;4CG0;5AQE;5ARB;5ARC;5ARD;6Y5S;6Y5T,,UPI000002C315,P29600,UniRef100_P29600,UniRef50_Q99405,UniRef90_Q99405,https://doi.org/10.1023/A:1010120128048,269
79,Subtilisin Carlsberg,1,61,Bacillus licheniformis,Bacillota,PLA,,CAB56500;AAG31026,,,1AF4;1AV7;1AVT;1BE6;1BE8;1BFK;1BFU;1C3L;1CSE;1OYV;1R0R;1SBC;1SCA;1SCB;1SCD;1SCN;1SEL;1VSB;1YU6;2SEC;2WUV;2WUW;3UNX;3VSB;4C3U;4C3V;6DWQ,,UPI000171F69F,P00780,UniRef100_P00780,UniRef50_P00782,UniRef90_P00780,https://doi.org/10.2306/scienceasia1513-1874.2003.29.297,379
81,LP175,1,62,Laceyella sacchari,Bacillota,PLA,,ATG80622.1;ATG80622,,,,,UPI000BC2F972,A0A291HVH1,UniRef100_A0A291HVH1,UniRef50_A0A090YZ94,UniRef90_F6K0V4,https://doi.org/10.2323/jgam.60.13,385
82,MGS0109,1,64,Marine metagenome,,PLA,,AGT96415.1,,,,,UPI00038E7F1F,T1W006,,,,https://doi.org/10.1007/s00253-014-6038-3,314
83,MGS0010,1,64,Marine metagenome,,PLA,,AHG30919.1;AHG30919,,,,,UPI0003E3878B,W0M2H4,UniRef100_W0M2H4,UniRef50_A0YAK7,UniRef90_W0M2H4,https://doi.org/10.1007/s00253-014-6038-3,414
84,MGS0105,1,64,Marine metagenome,,PLA,,AGT96414.1,,,,,UPI00038E8168,T1W153,,,,https://doi.org/10.1007/s00253-014-6038-3,390
85,MGS0084,1,65,Environmental metagenome,,PLA,,AKJ87250;AKJ87250.1,,,,,UPI0006560836,A0A0G3FL20,UniRef100_A0A0G3FL20,UniRef50_A0A0G3FL20,UniRef90_A0A0G3FL20,https://doi.org/10.1021/acs.est.8b04252,411
86,MGS0156,1,65,Environmental metagenome,,PLA,,AKJ87264,,,5D8M,,UPI000655FB1C,A0A0G3FEJ8,UniRef100_A0A0G3FEJ8,UniRef50_A0A0G3FEJ8,UniRef90_A0A0G3FEJ8,https://doi.org/10.1021/acs.est.8b04252,421
87,GEN0105,1,65,Environmental metagenome,,PHA|PLA,,AKJ87216;AKJ87216.1,,,,,UPI00065553B7,A0A0G3FJ39,UniRef100_A0A0G3FJ39,UniRef50_A0A0G3FJ39,UniRef90_A0A0G3FJ39,https://doi.org/10.1021/acs.est.8b04252,322
88,PlaM4,1,66,PLA disk compost metagenome,,PBS|PHA|PLA,,BAF57210.1,,,,,UPI00015064E1,A4UZ10,,,,https://doi.org/10.1007/s00253-008-1477-3,431
90,PlaM7,1,66,PLA disk compost metagenome,,PBS|PHA|PLA,,BAF57212.1,,,,,UPI00015064E2,A4UZ12,,,,https://doi.org/10.1007/s00253-008-1477-3,283
92,PlaM9,1,66,PLA disk compost metagenome,,PBS|PLA,,BAF57214.1,,,,,UPI00015064AD,A4UZ14,,,,https://doi.org/10.1007/s00253-008-1477-3,338
93,Proteinase K,1,71,Parengyodontium album,Ascomycota,PLA,,CAA32820.1;CAA32819.1;CAA32819;CAA32820,,,1BJR;1CNM;1EGQ;1HT3;1IC6;1OYO;1P7V;1P7W;1PEK;1PFG;1PJ8;1PTK;2DP4;2DQK;2DUJ;2G4V;2HD4;2HPZ;2ID8;2PKC;2PQ2;2PRK;2PWA;2PWB;2PYZ;2V8B;3AJ8;3AJ9;3D9Q;3DDZ;3DE0;3DE1;3DE2;3DE3;3DE4;3DE5;3DE6;3DE7;3DVQ;3DVR;3DVS;3DW1;3DW3;3DWE;3DYB;3GT3;3GT4;3I2Y;3I30;3I34;3I37;3L1K;3OSZ;3PRK;3PTL;3Q40;3Q5G;3QMP;4B5L;4DJ5;4FON;4WOB;4WOC;4ZAR;5AMX;5AVJ;5AVK;5B1D;5B1E;5CW1;5I9S;5K7S;5KXU;5KXV;5MJL;5ROC;5ROD;5ROE;5ROF;5ROG;5ROH;5ROI;5ROJ;5ROK;5ROL;5ROM;5RON;5ROO;5ROP;5ROQ;5ROR;5ROS;5ROT;5ROU;5ROV;5ROW;5ROX;5ROY;5ROZ;5RP0;5RP1;5RP2;5RP3;5RP4;5RP5;5RP6;5RP7;5RP8;5RP9;5RPA;5RPB;5RPC;5RPD;5RPE;5RPF;5RPG;5RPH;5RPI;5RPJ;5RPK;5RPL;5RPM;5RPN;5RPO;5RPP;5RPQ;5RPR;5RPS;5RPT;5RPU;5RPV;5RPW;5RPX;5RPY;5RPZ;5UVL;5WHW;5WJG;5WJH;5WRC;6CL7;6CL8;6CL9;6CLA;6CLB;6FJS;6J43;6K2P;6K2R;6K2S;6K2T;6K2V;6K2W;6K2X;6K8M;6KKF;6LAW;6MH6;6N4U;6PKJ;6PKK;6PKL;6PKM;6PKN;6PKO;6PKP;6PKQ;6PKR;6PKS;6PKT;6PQ0;6PQ4;6PU4;6PU5;6QF1;6QXV;6RUG;6RUH;6RUK;6RUN;6RUW;6RVE;6RVG;6RZP;6TXG;6V8R;6ZET;6ZEU;6ZEV;7A68;7A9F;7A9K;7A9M;7C0P;7JSY;7LN7;7LPT;7LPU;7LPV;7LQ8;7LQ9;7LQA;7LQB;7LQC;7LTD;7LTI;7LTV;7LU0;7LU1;7LU2;7LU3;7NJJ;7NUY;7NUZ;7S4Z;7SKX;7SVY;7SVZ;7SW0;7SW1;7SW2;7SW3;7SW4;7SW5;7SW6;7SW7;7SW8;7SW9;7SWA;7SWB;7SWC;8E52;8E53;8F05;8F06;8F07;8FYO;8FYP;8FYQ;8FYR;8FYS;8RSE;8RSF;8RSG;8SDK;8SOG;8SOU;8SOV;8SPL;8SQV;9DHO;9FTX;9FTY;9FU1;9ODV;9ODW,,UPI000004F030,P06873,UniRef100_P06873,UniRef50_P06873,UniRef90_P06873,https://doi.org/10.1021/bm049395v|https://doi.org/10.2306/scienceasia1513-1874.2003.29.297,384
94,CutL1,1,72,Aspergillus oryzae,Ascomycota,PBS|PLA,,BAA07428.1;BAE55151.1;BAA07428;BAE55151,,,3GBS;3QPD,XP_001817153.1,UPI0000128717,P52956,UniRef100_P52956,UniRef50_P52956,UniRef90_P52956,https://doi.org/10.1007/s00253-004-1853-6,213
95,Cutinase,1,73,Cryptococcus sp. S-2,Basidiomycota,PBS|PHA|PLA,,BAC67242.1;BAC67242;BAK82405,,,2CZQ,,UPI000017D124,Q874E9,UniRef100_Q874E9,UniRef50_A0A5C3EUR3;UniRef50_A0A8H7MCZ1,UniRef90_Q874E9,https://doi.org/10.1128/aem.71.11.7548-7550.2005,239
96,CfCLE,1,74,Saitozyma flava,Basidiomycota,PBAT|PBS|PLA,,BAT32793.1;BAT32793,,,,,UPI000706991E,A0A0P0ZE81,UniRef100_A0A0P0ZE81,UniRef50_A0A5C3EUR3;UniRef50_A0A8H7MCZ1,UniRef90_Q874E9,https://doi.org/10.1016/j.procbio.2015.07.005,239
97,CmCut1,1,75,Filobasidium magnum,Basidiomycota,PBS|PLA,,BAN42606.1;BAN42607.1;BAN42606;BAN42607,,,,,UPI0004993C0A,A0A060N5H2,UniRef100_A0A060N5H2,UniRef50_W7MW80,UniRef90_A0A060N5H2,https://doi.org/10.1007/s00253-012-4595-x,226
98,PCLE,1,76,Paraphoma sp. B47-9,Ascomycota,PBAT|PBS|PLA,,BAN51852.1;BAN51853.1;BAN51852;BAN51853,,,7CY3;7CY9,,UPI0001E9ECAF,A0A060N399,UniRef100_A0A060N399,UniRef50_F9X4F2;UniRef50_P10951,UniRef90_A0A060N399,https://doi.org/10.1007/s00253-013-5454-0,227
99,PaE,1,77,Moesziomyces antarcticus,Basidiomycota,PBS|PLA,,BAN66731.1;BAN66731;BBB03504;BBB03504.1;SPO42754;SPO42754.1,,,7CC4;7CW1,XP_014659518.1,UPI0001A67193,S6BC01,UniRef100_S6BC01,UniRef50_K3VXS0;UniRef50_M9M134,UniRef90_M9M134,https://doi.org/10.1007/s00253-012-4188-8,224
100,PhaZ1,1,78,Cupriavidus necator,Pseudomonadota,PHA,,CAJ92291.1;BAA33394;BAA33394.1;CAJ92291;QCC00191,,,,WP_011614907.1,UPI00000B7ED0,Q0KCI0;O87189,UniRef100_Q0KCI0,UniRef50_Q0KCI0;UniRef50_A0ABR6GKU2,UniRef90_Q0KCI0,https://doi.org/10.1128/jb.182.20.5916-5918.2000|https://doi.org/10.1128/jb.183.1.94-100.2001,419
105,PhaZd1,1,78,Cupriavidus necator,Pseudomonadota,PHA,,CAJ96855.1;BAE44206;BAE44206.1;CAJ96855;QCC04657,,,,WP_010811062.1,UPI00005AB430,Q0JZG9;Q3V6L9,UniRef100_Q0JZG9,UniRef50_A0A375GJC7,UniRef90_Q0JZG9,https://doi.org/10.1128/aem.01056-14|https://doi.org/10.1128/jb.187.20.6982-6990.2005,362
106,PhaZd2,1,78,Cupriavidus necator,Pseudomonadota,PHA,,CAJ97183.1;CAJ97183;QCC04952,,,,WP_011617846.1,UPI0000DD74C8,Q0JYJ1,UniRef100_Q0JYJ1,UniRef50_Q0JYJ1,UniRef90_Q0JYJ1,https://doi.org/10.1128/aem.01056-14,365
107,PhaY1,1,78,Cupriavidus necator,Pseudomonadota,PHA,,BAA19964.1;CAJ93348.1;BAA19964;CAJ93348;QCC01152,,,,WP_011615575.1,UPI0000DD6617,Q0K9H3;A0AAE6DGI8,UniRef100_Q0K9H3,UniRef50_Q0K9H3,UniRef90_Q0K9H3,https://doi.org/10.1186/2191-0855-2-26|https://doi.org/10.1128/JB.185.12.3485-3490.2003,718
108,PhaY2,1,78,Cupriavidus necator,Pseudomonadota,PHA,,CAJ92475.1;BAD99135;CAJ92475;QCC00363,,,,WP_011615004.1,UPI0000DD62C9,Q0KBZ6;Q4W8C9;A0AAE5ZDC1,UniRef100_Q4W8C9,UniRef50_Q4W8C9,UniRef90_Q4W8C9,https://doi.org/10.1186/2191-0855-2-26|https://doi.org/10.1128/JB.187.15.5129-5135.2005,293
109,PhaZAfa,1,79,Alcaligenes faecalis,Pseudomonadota,PHA,,AAB40611.1;AAB40611,,,,,UPI00000B0193,P94146,UniRef100_P94146,UniRef50_A0AAV3U412;UniRef50_A0A1C9W851,UniRef90_A0A140JTJ8,https://doi.org/10.1016/S0141-8130(99)00046-X,635
110,PhaZ7,1,80,Paucimonas lemoignei,Pseudomonadota,PHA,,AAK07742.1;TCS36333.1;AAK07742;TCS36333,,,2VTV;2X5X;2X76;4BRS;4BTV;4BVJ;4BVK;4BVL;4BYM;5MLX;5MLY,WP_132259156.1,UPI00000BB2CD,Q939Q9,UniRef100_Q939Q9,UniRef50_A0A0R0D0Z9;UniRef50_A0ABU9CEK5,UniRef90_Q939Q9,https://doi.org/10.1111/mmi.12391,380
111,PhaZ5,1,80,Paucimonas lemoignei,Pseudomonadota,PHA,,AAA65705.1;AAA65705,,,,,UPI00000BAAD0,Q51871,UniRef100_Q51871,UniRef50_Q51871,UniRef90_Q51871,https://doi.org/10.1111/j.1574-6968.2002.tb11137.x,433
112,PhaZst,1,81,Stutzerimonas stutzeri,Pseudomonadota,PHA,,BAA32541.1;BAA32541,,,,,UPI00000B4C3A,O82950,UniRef100_O82950,UniRef50_A0A918NBI0,UniRef90_O82950,https://doi.org/10.1128/aem.65.1.189-197.1999|https://doi.org/10.1016/S0141-8130(99)00046-X,576
113,PhaZCac,1,56,Delftia acidovorans,Pseudomonadota,PHA,,QQB52005.1,,,,WP_034398300.1,UPI0004FFA3D4,A0A7T4K057,,,,https://doi.org/10.1128/aem.63.12.4844-4852.1997|https://doi.org/10.1016/S0141-8130(99)00046-X,734
114,PhaZ,1,83,Pseudomonas putida,Pseudomonadota,PHA,,,,,,,,,,,,https://doi.org/10.1074/jbc.M608119200,
115,PHB depolymerase,1,84,Talaromyces funiculosus,Ascomycota,PHA,,BAG32152.1;BAG32152,,,2D80;2D81,,UPI0001746DDB,B2NHN2,UniRef100_B2NHN2,UniRef50_B2NHN2,UniRef90_B2NHN2,https://doi.org/10.1016/0003-9861(91)90572-Z|https://doi.org/10.1023/A:1015245710406,339
116,PBATHRf,1,390,Rhodococcoides fascians,Actinomycetota,PBAT|PBS|PET,,BCL64964.1;UNZ22463.1,,,,,UPI000489454F,A0A7I8E2Z4,,,,https://doi.org/10.1016/j.polymdegradstab.2021.109481|https://doi.org/10.1016/j.pep.2022.106077,216
117,Chath_Est1,1,86,Hungatella hathewayi,Bacillota,PBAT,,ALS54749.1,,,,,,,,,,https://doi.org/10.1021/acs.est.5b04346,520
119,PFL1,1,89,Pelosinus fermentans,Bacillota,PBAT,,EIW29778.1,,,,,,,,,,https://doi.org/10.1007/s00253-015-7031-1,402
120,Cbotu_EstA,1,90,Clostridium botulinum,Bacillota,PBAT|PET,,AKZ20828.1,,,,,,,,,,https://doi.org/10.1002/bit.25874,452
121,Cbotu_EstB,1,90,Clostridium botulinum,Bacillota,PBAT,,AKZ20829.1,,,,,,,,,,https://doi.org/10.1002/bit.25874,400
122,PBATHBp,1,91,Bacillus pumilus,Bacillota,PBAT,,BAV72205.1;BAV72205,,,,,UPI000866171B,A0A1E1FNX8,UniRef100_A0A1E1FNX8,UniRef50_A0A410KYK6,UniRef90_A0A6G5TBN3,https://doi.org/10.1016/j.polymdegradstab.2017.01.006,215
123,LCP_STRK3,1,92,Streptomyces sp. K30,Actinomycetota,NR,,AAR25849.1;AAR25849,,,5O1L;5O1M,,UPI0001E07055,Q3L8N0,UniRef100_Q3L8N0,UniRef50_Q3L8N0,UniRef90_Q3L8N0,https://doi.org/10.1002/mbo3.3|https://doi.org/10.1021/bm0496110|https://doi.org/10.1128/aem.01001-08,407
124,RoxA,1,93,Steroidobacter cummioxidans,Pseudomonadota,NR,,AAP41848.1;AGT20506.1;AAP41848;AGT20506,,,4B2N,,UPI00001AE211,Q7X0P3,UniRef100_Q7X0P3,UniRef50_H8MKB7,UniRef90_Q7X0P3,https://doi.org/10.1128/AEM.70.12.7388-7395.2004,678
125,RoxB,1,93,Steroidobacter cummioxidans,Pseudomonadota,NR,,AQV11968.1;AQV11968,,,,,UPI0009C31814,A0A1S6Q8F9,UniRef100_A0A1S6Q8F9,UniRef50_A0A1I2GUZ3,UniRef90_A0A1S6Q8F9,https://doi.org/10.1128/AEM.00721-17,681
126,LatA,1,14,Piscinibacter gummiphilus,Pseudomonadota,NR,,BAS44780.1;ARN18758;ARN18758.1;BAS44780,,,,WP_085748997.1,UPI0006BDB5DA,A0A0M4UPQ3,UniRef100_A0A0M4UPQ3,UniRef50_A0A1I2GUZ3,UniRef90_A0A0M4UPQ3,https://doi.org/10.1080/09168451.2016.1263147,679
129,Lcp1,1,96,Dactylosporangium sp. AC04546,Actinomycetota,NR,,UFE15762,,,,,,,,,,https://doi.org/10.3389/fmicb.2024.1378082|https://doi.org/10.3390/polym13203524,406
130,Lcp2,1,96,Dactylosporangium sp. AC04546,Actinomycetota,NR,,UFE15763,,,,,,,,,,https://doi.org/10.3389/fmicb.2024.1378082|https://doi.org/10.3390/polym13203524,402
131,Lcp3,1,96,Dactylosporangium sp. AC04546,Actinomycetota,NR,,UFE15764,,,,,,,,,,https://doi.org/10.3390/polym13203524|https://doi.org/10.3389/fmicb.2024.1378082,399
132,101,1,97,Environmental sample,,PET,,,,,,,,,,,,https://doi.org/10.1038/s41467-022-35237-x,302
133,102,1,97,Environmental sample,,PET,,,,,,,,,,,,https://doi.org/10.1038/s41467-022-35237-x,297
134,202,1,97,Environmental sample,,PET,,,,,,,,,,,,https://doi.org/10.1038/s41467-022-35237-x,380
135,204,1,163,Thermofilum sp.,Thermoproteota,PET,,,,,,,,,,,,https://doi.org/10.1038/s41467-022-35237-x,242
136,211,1,33,Candidatus Bathyarchaeota archaeon,Candidatus Bathyarchaeota,PET,,,,,,,,,,,,https://doi.org/10.1038/s41467-022-35237-x,264
137,214,1,97,Environmental sample,,PET,,,,,,,,,,,,https://doi.org/10.1038/s41467-022-35237-x,240
138,301,1,97,Environmental sample,,PET,,,,,,,,,,,,https://doi.org/10.1038/s41467-022-35237-x,211
139,305,1,97,Environmental sample,,PET,,,,,,,,,,,,https://doi.org/10.1038/s41467-022-35237-x,232
140,307,1,97,Environmental sample,,PET,,,,,,,,,,,,https://doi.org/10.1038/s41467-022-35237-x,178
141,403,1,98,Ketobacter sp.,Pseudomonadota,PET,,RLU00646.1,,,,,UPI000F2289D4,A0A3L8BW54,,,,https://doi.org/10.1038/s41467-022-35237-x,284
142,405,1,99,Actinobacteria bacterium OK074,Actinomycetota,PET,,KPI12031.1,,,,,UPI0006CE1F22,A0A0N0MY27,,,,https://doi.org/10.1038/s41467-022-35237-x,275
143,406,1,100,Comamonadaceae bacterium,Pseudomonadota,PET,,ODU60407.1,,,,,UPI00086A1D61,A0A1E4LW26,,,,https://doi.org/10.1038/s41467-022-35237-x,305
144,407,1,101,Allorhizocola rhizosphaerae,Actinomycetota,PET,,,,,,WP_162908185.1,,,,,,https://doi.org/10.1038/s41467-022-35237-x,393
145,409,1,98,Ketobacter sp.,Pseudomonadota,PET,,RLT92980.1,,,,,UPI000F22754E,A0A3L8BDT3,,,,https://doi.org/10.1038/s41467-022-35237-x,269
146,412,1,102,Ketobacter alkanivorans,Pseudomonadota,PET,,,,,,WP_158643351.1,,,,,,https://doi.org/10.1038/s41467-022-35237-x,283
147,503,1,103,Nocardioidaceae bacterium,Actinomycetota,PET,,EGD44994.1,,,,,UPI000202904A,E9UPM2,,,,https://doi.org/10.1038/s41467-022-35237-x,259
148,CtPl,1,104,Caldimonas taiwanensis,Pseudomonadota,PET,,,,,,WP_062195544.1,,,,,,https://doi.org/10.1038/s41929-021-00616-y|https://doi.org/10.1038/s41467-022-35237-x,270
149,606,1,105,Marinactinospora thermotolerans,Actinomycetota,PET,,SJZ42839.1;SJZ42839,,,7QJO;8XHO,,UPI000999F173,A0A1T4KK94,UniRef100_A0A1T4KK94,UniRef50_A0A4V0ZKB9;UniRef50_Q6A0I4,UniRef90_A0A1T4KK94,https://doi.org/10.3389/fbioe.2022.865787|https://doi.org/10.1038/s41467-022-35237-x,263
150,607-Nsp,1,107,Actinobacteria bacterium OV320,Actinomycetota,PET,,KPI31299.1,,,,,UPI0006BAE6A8,A0A0N0NEY5,,,,https://doi.org/10.1038/s41467-022-35237-x,310
151,611,1,106,Saccharopolyspora flava,Actinomycetota,PET,,SFS31492.1;SFS31492,,,7QJP;9EWR,WP_093412886.1,UPI0008E1369A,A0A1I6NU60,UniRef100_A0A1I6NU60,UniRef50_A0A4V0ZKB9;UniRef50_A0A365HAJ8,UniRef90_A0A1I6NU60,https://doi.org/10.1038/s41467-022-35237-x,261
152,701,1,18,Thermobifida fusca,Actinomycetota,PET,,,,,,WP_104613137.1,,,,,,https://doi.org/10.1038/s41467-022-35237-x,262
153,702,1,18,Thermobifida fusca,Actinomycetota,PET,,ADM47605.1;ADM47605;ADV92528;AET05799;CAH17553;CBY05530,,,4CG1;4CG2;4CG3;5ZOA;7QJQ;7QJR,,UPI00003C5D7A,Q6A0I4,UniRef100_Q6A0I4,UniRef50_Q6A0I4,UniRef90_Q6A0I4,https://doi.org/10.1038/s41467-022-35237-x,263
154,711,1,23,Thermobifida cellulosilytica,Actinomycetota,PET,,,,,,WP_083947829,,,,,,https://doi.org/10.1038/s41467-022-35237-x,261
155,UMG-SP-1,1,97,Environmental sample,,PA|PUR,,,,,,,,,,,,https://doi.org/10.1002/anie.202216220|https://doi.org/10.1038/s41467-024-45523-5|https://doi.org/10.1002/anie.202404492,438
156,UMG-SP-2,1,97,Environmental sample,,PA|PUR,,,,,,,,,,,,https://doi.org/10.1002/anie.202216220|https://doi.org/10.1038/s41467-024-45523-5,439
157,UMG-SP-3,1,97,Environmental sample,,PA|PUR,,,,,,,,,,,,https://doi.org/10.1002/anie.202216220|https://doi.org/10.1038/s41467-024-45523-5,439
171,PHL-2,1,15,,Actinomycetota,PET,,SAY37582.1,,,,,,,,,,https://doi.org/10.1002/cssc.202101062,260
172,PHL-1,1,15,,Actinomycetota,PET,,SAY37579.1,,,,,,,,,,https://doi.org/10.1002/cssc.202101062,260
173,PHL-3,1,121,Compost metagenome,Bacillota,PET,SAY37583.1,,,,,,,,,,,https://doi.org/10.1002/cssc.202101062,259
174,PHL-4,1,122,Compost metagenome,,PET,,SAY37584.1,,,,,,,,,,https://doi.org/10.1002/cssc.202101062,257
175,PHL-5,1,122,Compost metagenome,,PET,,SAY37587,,,,,,,,,,https://doi.org/10.1002/cssc.202101062,257
176,PHL-6,1,122,Compost metagenome,,PET,,SAY37589,,,,,,,,,,https://doi.org/10.1002/cssc.202101062,257
177,Sub1,1,123,Streptomyces scabiei,Actinomycetota,PET,,QEX94755,,,,,UPI0012A98EE0,A0A5P3LVN0,UniRef100_A0A5P3LVN0,UniRef50_A0A117NXB1,UniRef90_A0A8I0TPX8,https://doi.org/10.1264/jsme2.ME19086,186
178,RgCut-2,1,14,Piscinibacter gummiphilus,Pseudomonadota,PET,,ARN19002;ARN19002.1,,,8AIR,WP_085749238;WP_085749238.1,UPI000A2021CE,A0A1W6L438,UniRef100_A0A1W6L438,UniRef50_Q8RR62,UniRef90_A0A1W6L438,https://doi.org/10.1002/cssc.202202277,279
179,PsCut,1,125,Pseudomonas saudimassiliensis,Pseudomonadota,PET,,CEA05385;CEF27108,,,8AIS,WP_044499735.1,UPI0004ED7BDE,A0A078MGG8,UniRef100_A0A078MGG8,UniRef50_A0A2K9LJV9,UniRef90_A0A031MKR8,https://doi.org/10.1002/cssc.202202277,302
180,PbauzCut,1,126,Halopseudomonas bauzanensis,Pseudomonadota,PET,,SER72431;SER72431.1;SFL57825;SFL57825.1,,,8AIT,WP_036989706.1,UPI0004466F51,A0A031MKR8,UniRef100_A0A031MKR8,UniRef50_A0A2K9LJV9,UniRef90_A0A031MKR8,https://doi.org/10.1002/cssc.202202277,302
182,FoCut5a,1,128,Fusarium oxysporum,Ascomycota,PET,,EXK81749;EXK81749.1,,,5AJH,,UPI00021C8383,X0BTD8,UniRef100_X0BTD8,UniRef50_P00590,UniRef90_A6N6J6;UniRef90_A0A9P8D5N6,https://doi.org/10.1016/j.bbagen.2015.08.009,230
183,MRCUT1,1,129,Moniliophthora roreri,Basidiomycota,PET,,ESK97883;ESK97883.1,,,,XP_007842885.1,UPI0003BF2E80,V2XFA5,UniRef100_V2XFA5,UniRef50_A0A423WYU0;UniRef50_A0A3N2Q233,UniRef90_V2XFA5,https://doi.org/10.1128/Spectrum.00976-21,203
184,PET1,1,130,Deinococcus maricopensis,Deinococcota,PBS|PET|PHA|PLA|PUR,,ADV66860;ADV66860.1,,,,,UPI0001F59C72,E8U721,UniRef100_E8U721,UniRef50_A0A4V0ZKB9;UniRef50_Q6A0I4,UniRef90_E8U721,https://doi.org/10.1016/j.jhazmat.2023.131574|https://doi.org/10.1128/aem.02773-17,315
185,SM14est,1,131,Streptomyces sp. SM14,Actinomycetota,PET,,DAC80635;DAC80635.1,,,,,UPI0013A713B4,A0A679PDB4,UniRef100_A0A679PDB4,UniRef50_A0A543NNU7,UniRef90_A0A679PDB4,https://doi.org/10.3389/fmicb.2023.1170880|https://doi.org/10.3389/fmicb.2019.02187,284
186,IS10,1,132,Chloroflexi bacterium enrichment culture,Chloroflexota,PLA,,UNZ81746,,,,,,,,,,https://doi.org/10.1128/aem.01704-22,314
187,IS11,1,133,Dehalococcoidia bacterium,Chloroflexota,PLA,,UNZ81747,,,,,,,,,,https://doi.org/10.1128/aem.01704-22,455
188,IS12,1,132,Chloroflexi bacterium enrichment culture,Chloroflexota,PLA,,UNZ81748,,,,,,,,,,https://doi.org/10.1128/aem.01704-22,318
191,Lcp1VH2,1,136,Gordonia polyisoprenivorans,Actinomycetota,NR,,AFA75827;AFA75827.1;NKY02982,,,,WP_006368739.1,UPI00023A853D,H6N162;A0A846WN04,UniRef100_H6N162,UniRef50_A0A7X0FX70,UniRef90_H6N162,https://doi.org/10.1128/AEM.01502-14|https://doi.org/10.1128/AEM.02145-07,407
193,Lipozyme TL,1,134,Thermomyces lanuginosus,Ascomycota,PET,,,,,,,,,,,,https://doi.org/10.1002/pola.22952|https://doi.org/10.1016/j.jbiotec.2009.07.008,
194,ApLip-Ec,1,137,Aquabacterium parvum,Pseudomonadota,PET,,,,,,,,,,,,https://doi.org/10.1016/j.bej.2023.108985,
195,BurPL,1,138,Burkholderiales bacterium,Pseudomonadota,PET,,OGB27210,,,7CWQ,,UPI0008AC801E,A0A1F4JXW8;A0ACD6BA14,UniRef100_A0ACD6BA14,UniRef50_A0ABQ4Q7Y9,UniRef90_A0ACD6BA14,https://doi.org/10.1016/j.jhazmat.2022.128267|https://doi.org/10.1038/s41929-021-00616-y,426
196,PET40,1,139,Amycolatopsis bacterium,Actinomycetota,PET|PUR,,WAU86704,,,,,,,,,,https://doi.org/10.1111/febs.16924,263
197,PbsA,1,127,Acidovorax delafieldii,Pseudomonadota,PBS|PET,,BAB86909;BAB86909.1,,,8C65,,UPI00000B131F,Q8RR62,UniRef100_Q8RR62,UniRef50_Q8RR62,UniRef90_Q8RR62,https://doi.org/10.1016/S1389-1723(02)80022-6|https://doi.org/10.1002/cssc.202202277,304
198,Lipase,1,141,Rhizopus delemar,Mucoromycota,PBS|PC,,,,,,,,,,,,https://doi.org/10.1007/s002890050484,
199,FSC,1,34,Fusarium solani,Ascomycota,PBS|PLA,,Q99174,,,,,,,,,,https://doi.org/10.1016/j.polymdegradstab.2015.01.025|https://doi.org/10.1016/j.polymdegradstab.2016.10.012,230
200,Hfor_PE-H,1,144,Halopseudomonas formosensis,Pseudomonadota,PET|PUR,,SFQ81467;SFQ81467.1,,,,WP_090538641;WP_090538641.1,UPI0008E92B52,A0A1I6BKY1,UniRef100_A0A1I6BKY1,UniRef50_A0A2K9LJV9,UniRef90_A0A1I6BKY1,https://doi.org/10.1111/1751-7915.14362,304
201,PaCut,1,145,Aquipseudomonas alcaligenes,Pseudomonadota,PET,,SUD16364,,,,,,,,,,https://doi.org/10.1002/cssc.202202277,298
202,GlacPETase,1,12,Pseudomonas sp.,Pseudomonadota,PET,,,,,,,,,,,,https://doi.org/10.1111/1462-2920.16516,
204,RmL,1,147,Rhizomucor miehei,Mucoromycota,PET,,,,,,,,,,,,https://doi.org/10.1007/s13205-023-03555-6,
205,MnP,1,,,,PA,,,,,,,,,,,,https://doi.org/10.1128/AEM.64.4.1366-1371.1998|https://doi.org/10.1128/aem.62.11.4066-4072.1996,
206,Polyamidase,1,148,Beauveria brongniartii,Ascomycota,PA,,,,,,,,,,,,https://doi.org/10.1080/10242420802323433,
207,Tcca,1,149,Thermobacillus composti,Bacillota,PBAT,,AGA58918;AGA58918.1;CAG5091590,,,,WP_015255658;WP_015255658.1,UPI00022C05D2,L0EF70;A0ABM8V7B0,UniRef100_L0EF70,UniRef50_L7VMB2,UniRef90_L0EF70,https://doi.org/10.3390/catal13020340,508
208,Aryl Acylamidase,1,150,Nocardia farcinica,Actinomycetota,PA,,,,,,,,,,,,https://doi.org/10.1007/s12257-013-0189-4,
209,Lip4_120,1,151,Caldibacillus thermoamylovorans,Bacillota,PET,,,,,,WP_108898452,,,,,,https://doi.org/10.1016/j.ijbiomac.2024.129538,417
210,Est8_89,1,151,Caldibacillus thermoamylovorans,Bacillota,PET,,CEE00769;CEE00769.1,,,,WP_034768559.1,UPI000505A1EA,A0A090KQ36,UniRef100_A0A090KQ36,UniRef50_A0A090KQ36,UniRef90_A0A090KQ36,https://doi.org/10.1016/j.ijbiomac.2024.129538,266
211,Est11_32,1,151,Caldibacillus thermoamylovorans,Bacillota,PET,,,,,,WP_041846030,,,,,,https://doi.org/10.1016/j.ijbiomac.2024.129538,256
212,Est18_23,1,151,Caldibacillus thermoamylovorans,Bacillota,PET,,,,,,WP_041847557,,,,,,https://doi.org/10.1016/j.ijbiomac.2024.129538,491
213,Ces19_14,1,151,Caldibacillus thermoamylovorans,Bacillota,PET,,CEE00383;CEE00383.1,,,,WP_034767800;WP_034767800.1,UPI0005058543,A0A090IVG8,UniRef100_A0A090IVG8,UniRef50_A0A090IVG8;UniRef50_A0ABD4A7A7,UniRef90_A0A090IVG8;UniRef90_A0ABD4A7A7,https://doi.org/10.1016/j.ijbiomac.2024.129538,240
214,Ces39_5,1,151,Caldibacillus thermoamylovorans,Bacillota,PET,,,,,,WP_108898647,,,,,,https://doi.org/10.1016/j.ijbiomac.2024.129538,249
215,CaPETase,1,152,Cryptosporangium aurantiacum,Actinomycetota,PET,,SHM40309,,,7YM9;7YME,,UPI00091BE4D5,A0A1M7II12,UniRef100_A0A1M7II12,UniRef50_A0A4V0ZKB9;UniRef50_A0A365HAJ8,UniRef90_A0A1M7II12,https://doi.org/10.1038/s41467-023-40233-w,299
216,CE_Ubrb,1,,,,PC,,SIP63154,,,,,,,,,,https://doi.org/10.1002/anie.202525215,295
217,TtA,1,153,Thermocatellispora tengchongensis,Actinomycetota,PA,,MBB5136603;MBB5136603.1,,,,WP_185053500;WP_185053500.1,UPI00161D19E0,A0A840PF83,UniRef100_A0A840PF83,UniRef50_A0A1G7A2T9,UniRef90_A0A840PF83,https://doi.org/10.1038/s41467-024-45523-5,471
218,M-NylC,1,154,Microbacterium sp.,Actinomycetota,PA,,KQR39103,,,,,,,,,,https://doi.org/10.1038/s41467-024-45523-5,340
219,Nc-NylC,1,155,Nocardiopsis composta,Actinomycetota,PA,,MBB5430925;MBB5430925.1,,,,WP_312893488.1,UPI0018201EB9,A0A7W8QII1,UniRef100_A0A7W8QII1,UniRef50_Q79F77,UniRef90_A0A7W8QII1,https://doi.org/10.1038/s41467-024-45523-5,344
220,GatA,1,156,Parvibaculum sp.,Pseudomonadota,PA,,,,,,,,,,,,https://doi.org/10.1038/s41467-024-45523-5,490
221,OoH,1,157,Rhodococcus sp. Oct1,Actinomycetota,PA,,BAI44731,,,,,UPI0001B9EFD2,C9K4Z3,UniRef100_C9K4Z3,UniRef50_A0A378WYN0;UniRef50_A0A7X6MS75,UniRef90_A0A0H5NIG0,https://doi.org/10.1038/s41467-024-45523-5|https://doi.org/10.1016/j.enzmictec.2009.09.010,479
222,ReU,1,158,Prescottella equi,Actinomycetota,PA,,,,,,,,,,,,https://doi.org/10.1038/s41467-024-45523-5,472
223,HG-2,1,159,Holdemanella biformis,Bacillota,PET,,RHB05449,,,,WP_118011433;WP_118011433.1,UPI000E4BBB7A,A0A413UCA3,UniRef100_A0A413UCA3,UniRef50_C7N773,UniRef90_B7C847,https://doi.org/10.3390/microorganisms12010138,259
224,HG-3,1,160,Clostridiales bacterium AM23-16LB,Bacillota,PET,,RGD93181,,,,,,,,,,https://doi.org/10.3390/microorganisms12010138,270
225,HG-4,1,161,Heyndrickxia coagulans,Bacillota,PET,,KYC60545;KYC60545.1,,,,WP_013858543;WP_013858543.1,UPI000210FD27,A0A150JTB6,UniRef100_A0A150JTB6,UniRef50_A0A150JTB6,UniRef90_A0A150JTB6,https://doi.org/10.3390/microorganisms12010138,254
226,HG-5,1,162,Longicatena bacterium,Bacillota,PET,,,,,,,,,,,,https://doi.org/10.3390/microorganisms12010138,313
227,jmPE13,1,12,Pseudomonas sp.,Pseudomonadota,PBAT|PET,,,,,,,,,,,,https://doi.org/10.3389/fbioe.2024.1349010,273
228,jmPE14,1,12,Pseudomonas sp.,Pseudomonadota,PBAT|PET,,,,,,,,,,,,https://doi.org/10.3389/fbioe.2024.1349010,271
229,CpCut1,1,165,Cladosporium sp.,Ascomycota,PUR,,,,,,,,,,,,https://doi.org/10.1128/aem.01477-23,
230,TaC,1,166,Thermocarpiscus australiensis,Ascomycota,PET,,,,,,,,,,,,https://doi.org/10.1021/acssuschemeng.4c00060,228
231,DmC,1,167,Dactylonectria macrodidyma,Ascomycota,PET,,KAH7127633,,,,,UPI001DB3B9E9,A0A9P9DYB3,UniRef100_A0A9P9DYB3,UniRef50_A0A559L1V9;UniRef50_A0A9P9EQT6,UniRef90_A0A9P9DYB3,https://doi.org/10.1021/acssuschemeng.4c00060,238
232,RtC,1,168,Remersonia thermophila,Ascomycota,PET,,,,,,,,,,,,https://doi.org/10.1021/acssuschemeng.4c00060,231
233,BaCut1,1,169,Blastobotrys sp. G-9,Ascomycota,PBAT|PUR,,XAQ58225,,,,,UPI00388BE47E,A0AB38ZML8,UniRef100_A0AB38ZML8,UniRef50_K3VXS0;UniRef50_A0AAW0YTK2,UniRef90_A0AB38ZML8,https://doi.org/10.1016/j.jhazmat.2024.134493,222
235,LipMRD9,1,170,Bacillus safensis,Bacillota,PET,,APJ12152,,,,,,,,,,https://doi.org/10.1002/cctc.202400765,215
236,dsPETase01,1,171,Aeromicrobium sp.,Actinomycetota,PET,,,,,,,,,,,,https://doi.org/10.1038/s41586-024-07891-2,287
237,dsPETase05,1,172,Gammaproteobacteria bacterium,Pseudomonadota,PET,,,,,,,,,,,,https://doi.org/10.1038/s41586-024-07891-2,301
238,dsPETase06,1,173,Pseudomonadota bacterium,Pseudomonadota,PET,,MEC8523093,,,,,,,,,,https://doi.org/10.1038/s41586-024-07891-2,292
239,TmFae-PETase,1,,,,PBAT|PET,,,,,,,,,,,,https://doi.org/10.1021/acs.est.4c01495,
240,Dkca1,1,174,Dietzia kunjamensis,Actinomycetota,PET,,WID88783,,,,,,,,,,https://doi.org/10.1016/j.bbrc.2024.150833,462
241,PpPETase,1,175,Pseudomonas paralcaligenes,Pseudomonadota,PET,,,,,,WP_220815207,,,,,,https://doi.org/10.1016/j.jhazmat.2024.134532,298
242,ScPETase,1,176,Streptomyces calvus,Actinomycetota,PET,,QDI72884;MBA8945451;MBA8945451.1;QDI72884.1;GAA3204575,,,,WP_142197250.1,UPI00114DF279,A0A514JZP5;A0ABP6Q5U8,UniRef100_A0A514JZP5,UniRef50_D2BFB4,UniRef90_A0A081XXP9,https://doi.org/10.1016/j.jhazmat.2024.134532,300
243,HGMP01,1,,,,PET,,,,,,,,,,,,https://doi.org/10.1016/j.ijbiomac.2024.137732,275
244,PD3,1,177,Brucella anthropi,Pseudomonadota,PET,,QPA27412,,,,,,,,,,https://doi.org/10.1021/acsomega.4c04843,352
245,TvgC,1,178,Thermovenabulum gondwanense,Bacillota,PA,,KYO63796,,,,WP_068749367;WP_068749367.1,UPI0007A857E8,A0A162M3R4,UniRef100_A0A162M3R4,UniRef50_A0A1V1I498;UniRef50_A0A6S7F337,UniRef90_A0A162M3R4,https://doi.org/10.1002/anie.202414842,326
246,NylC1,1,179,Leucobacter chromiiresistens,Actinomycetota,PA,,XHH12374,,,,,,,,,,https://doi.org/10.1039/D4GC01662A,357
247,NylC2,1,180,Microbacterium oxydans,Actinomycetota,PA,,XHH12375,,,,,,,,,,https://doi.org/10.1039/D4GC01662A,339
248,NylC5,1,181,Gordonia sp. (in: high G+C Gram-positive bacteria),Actinomycetota,PA,,XHH12378,,,,,,,,,,https://doi.org/10.1039/D4GC01662A,364
249,PA4-degrading enzyme,1,182,Pseudoalteromonas sp.,Pseudomonadota,PA,,BEG79545,,,,,,,,,,https://doi.org/10.1016/j.polymdegradstab.2023.110446,716
253,TGL,1,170,Bacillus safensis,Bacillota,PLA,,WAT79796,,,,,,,,,,https://doi.org/10.1016/j.ijbiomac.2024.131916,213
254,PAM,1,50,Actinomadura keratinilytica,Actinomycetota,PLA,,BAU20375,,,8C4X,,UPI000732BFFD,A0A0U5AS91,UniRef100_A0A0U5AS91,UniRef50_A0A9W6P856,UniRef90_A0A0U5AS91,https://doi.org/10.1038/s41586-024-07709-1,386
255,GatA250,1,,,,PUR,,,,,,,,,,,,https://doi.org/10.1002/biot.202300723,495
256,APET-5,1,185,Lentzea guizhouensis,Actinomycetota,PET,,,,,,WP_218920366.1,,,,,,https://doi.org/10.1038/s41467-025-61599-z,278
257,KbPETase,1,186,Kibdelosporangium banguiense,Actinomycetota,PET,,MBP2325020,,,,WP_209642273.1,UPI001AE80D95,A0ABS4TKU6,UniRef100_A0ABS4TKU6,UniRef50_A0A1N6SMU6,UniRef90_A0ABS4TKU6,https://doi.org/10.1038/s41467-025-61599-z,254
258,APET-15,1,187,Actinomadura atramentaria,Actinomycetota,PET,,,,,,WP_019629726.1,,,,,,https://doi.org/10.1038/s41467-025-61599-z,259
259,APET-17,1,188,Rhizobacter sp.,Pseudomonadota,PET,,MBX3625601.1,,,,,,,,,,https://doi.org/10.1038/s41467-025-61599-z,263
260,APET-19,1,189,Thermomonospora umbrina,Actinomycetota,PET,,REE98418,,,,WP_116023875.1,UPI000E2585CD,A0A3D9SRH8,UniRef100_A0A3D9SRH8,UniRef50_A0A3D9SRH8;UniRef50_Q9L2J6,UniRef90_A0A3D9SRH8,https://doi.org/10.1038/s41467-025-61599-z,254
261,APET-20,1,190,Solirubrobacteraceae bacterium,Actinomycetota,PET,,MBO9532528.1,,,,,,,,,,https://doi.org/10.1038/s41467-025-61599-z,267
262,APET-23,1,191,Alphaproteobacteria bacterium,Pseudomonadota,PET,,MSQ87502.1,,,,,,,,,,https://doi.org/10.1038/s41467-025-61599-z,326
263,APET-24,1,192,Actinomadura flavalba,Actinomycetota,PET,,,,,,WP_018657411.1,,,,,,https://doi.org/10.1038/s41467-025-61599-z,248
264,APET-25,1,193,Actinophytocola sp.,Actinomycetota,PET,,MPZ00478.1,,,,,,,,,,https://doi.org/10.1038/s41467-025-61599-z,256
265,APET-26,1,194,Dactylosporangium siamense,Actinomycetota,PET,,GIG45650;GIG45650.1,,,,WP_203847453.1,UPI0019413FEB,A0A919PNJ3,UniRef100_A0A919PNJ3,UniRef50_A0A7W3LXJ4,UniRef90_A0A919PNJ3,https://doi.org/10.1038/s41467-025-61599-z,242
266,APET-27,1,195,Halopseudomonas oceani,Pseudomonadota,PET,,POB00859;POB00859.1,,,,WP_104739856.1,UPI000CF19C64,A0A2P4EQG9,UniRef100_A0A2P4EQG9,UniRef50_A0A1H2ERN9,UniRef90_A0A2P4EQG9,https://doi.org/10.1038/s41467-025-61599-z,253
267,APET-28,1,196,Cellvibrionaceae bacterium,Pseudomonadota,PET,,MBX2857432.1,,,,,,,,,,https://doi.org/10.1038/s41467-025-61599-z,244
268,APET-29,1,172,Gammaproteobacteria bacterium,Pseudomonadota,PET,,MBE65357.1,,,,,,,,,,https://doi.org/10.1038/s41467-025-61599-z,276
269,APET-32,1,197,Oleibacter sp. HI0075,Pseudomonadota,PET,,KZY99137.1,,,,,,,,,,https://doi.org/10.1038/s41467-025-61599-z,263
270,Mipa-P,1,198,Micromonospora pattaloongensis,Actinomycetota,PET,,SDZ16714.1;SDZ16714,,,8YTU;8YTV;9IW9,WP_217634878.1,UPI00089AB700,A0A1H3QT72,UniRef100_A0A1H3QT72,UniRef50_A0A365HAJ8;UniRef50_A0A1N6SMU6,UniRef90_A0A1H3QT72,https://doi.org/10.1126/science.adp5637,294
271,1628,1,198,Micromonospora pattaloongensis,Actinomycetota,PET,,SDY46727;SDY46727.1,,,,WP_091553551.1,UPI0008976C5C,A0A1H3K3E8,UniRef100_A0A1H3K3E8,UniRef50_I0L7L7;UniRef50_A0A243S155,UniRef90_A0A1H3K3E8;UniRef90_A0A6V8KDL4,https://doi.org/10.1126/science.adp5637,463
272,1611,1,199,Micromonospora ureilytica,Actinomycetota,PET,,,,,,WP_124822775.1,,,,,,https://doi.org/10.1126/science.adp5637,465
273,1625,1,200,Plantactinospora sp. CNZ320,Actinomycetota,PET,,,,,,WP_101366623.1,,,,,,https://doi.org/10.1126/science.adp5637,468
274,1603,1,201,Micromonospora arborensis,Actinomycetota,PET,,,,,,WP_110567505.1,,,,,,https://doi.org/10.1126/science.adp5637,465
275,1663,1,202,Kibdelosporangium aridum,Actinomycetota,PET,,,,,,WP_084434874.1,,,,,,https://doi.org/10.1126/science.adp5637,289
276,Kubu-P,1,203,Kutzneria buriramensis,Actinomycetota,PET,,REH34752;REH34752.1,,,8YTW;8YTY;8YTZ,WP_116180173.1,UPI000E280B2B,A0A3E0H050,UniRef100_A0A3E0H050,UniRef50_A0A3E0H050;UniRef50_A0A1N6SMU6,UniRef90_A0A3E0H050,https://doi.org/10.1126/science.adp5637,288
277,1538,1,204,Plantactinospora sp. B6F1,Actinomycetota,PET,,,,,,WP_130464304.1,,,,,,https://doi.org/10.1126/science.adp5637,472
278,1465,1,205,Saccharothrix sp. CB00851,Actinomycetota,PET,,,,,,WP_073887759.1,,,,,,https://doi.org/10.1126/science.adp5637,415
279,1621,1,206,Micromonospora chokoriensis,Actinomycetota,PET,,SCF06241;SCF06241.1,,,,WP_088988822.1,UPI00081D158A,A0A1C4XDC9,UniRef100_A0A1C4XDC9,UniRef50_I0L7L7;UniRef50_A0A243S155,UniRef90_A0A1C4XDC9,https://doi.org/10.1126/science.adp5637,465
280,1617,1,207,Micromonospora lupini,Actinomycetota,PET,,CCH19814.1;CCH19814,,,,,UPI00025C03A6,I0L7L7,UniRef100_I0L7L7,UniRef50_I0L7L7;UniRef50_A0A243S155,UniRef90_I0L7L7,https://doi.org/10.1126/science.adp5637,465
281,1534,1,208,Micromonospora sp. NRRL B-16802,Actinomycetota,PET,,,,,,WP_082377728.1,,,,,,https://doi.org/10.1126/science.adp5637,469
282,1489,1,209,Micromonospora sp. KC723,Actinomycetota,PET,,,,,,WP_132386942.1,,,,,,https://doi.org/10.1126/science.adp5637,447
283,1521,1,210,Micromonospora sp. KC213,Actinomycetota,PET,,,,,,WP_132337032.1,,,,,,https://doi.org/10.1126/science.adp5637,443
284,1525,1,211,Verrucosispora sp. CNZ293,Actinomycetota,PET,,,,,,WP_099848711.1,,,,,,https://doi.org/10.1126/science.adp5637,444
285,1468,1,212,Kribbella albertanoniae,Actinomycetota,PET,,TDC21237,,,,WP_132413760.1,UPI00104DEC55,A0A4R4PH12,UniRef100_A0A4R4PH12,UniRef50_A0A243S155,UniRef90_A0A4R4PH12,https://doi.org/10.1126/science.adp5637,444
286,1507,1,213,Catellatospora sichuanensis,Actinomycetota,PET,,,,,,WP_144126986.1,,,,,,https://doi.org/10.1126/science.adp5637,275
287,1491,1,214,Saccharothrix sp. NRRL B-16348,Actinomycetota,PET,,,,,,WP_082403176.1,,,,,,https://doi.org/10.1126/science.adp5637,455
288,1821,1,215,Streptomyces violaceusniger,Actinomycetota,PET,,,,,,WP_137976057.1,,,,,,https://doi.org/10.1126/science.adp5637,378
289,1477,1,216,Streptomyces sp. RP5T,Actinomycetota,PET,,,,,,WP_125191182.1,,,,,,https://doi.org/10.1126/science.adp5637,315
290,1482,1,217,Saccharothrix saharensis,Actinomycetota,PET,,,,,,WP_141984372.1,,,,,,https://doi.org/10.1126/science.adp5637,413
291,1522,1,218,Catellatospora paridis,Actinomycetota,PET,,,,,,WP_155388305.1,,,,,,https://doi.org/10.1126/science.adp5637,276
292,1546,1,219,Micromonospora sp. (multispecies),Actinomycetota,PET,,,,,,WP_013736455.1,UPI000206AC8C,A0A9X0I4X4,UniRef100_A0A9X0I4X4,UniRef50_I0L7L7;UniRef50_A0A243S155,UniRef90_A0A9X0I4X4,https://doi.org/10.1126/science.adp5637,448
293,385,1,220,Thermoactinospora rubra,Actinomycetota,PET,,,,,,WP_143590710.1,,,,,,https://doi.org/10.1126/science.adp5637,272
294,1642,1,221,Micromonospora orduensis,Actinomycetota,PET,,TNH28703,,,,WP_139584963.1,UPI00111B7A89,A0A5C4QSJ8,UniRef100_A0A5C4QSJ8,UniRef50_A0A243S155,UniRef90_A0A5C4QSJ8,https://doi.org/10.1126/science.adp5637,465
295,917,1,222,Actinomadura bacterium,Actinomycetota,PET,,,,,,WP_083950838.1,,,,,,https://doi.org/10.1126/science.adp5637,297
296,1537,1,223,Streptomyces sp. CB00455,Actinomycetota,PET,,OKK16161.1,,,,,,,,,,https://doi.org/10.1126/science.adp5637,425
297,1519,1,224,Verrucosispora sp. SN26_14.1,Actinomycetota,PET,,,,,,WP_131056699.1,,,,,,https://doi.org/10.1126/science.adp5637,426
298,1678,1,225,Lentzea aerocolonigenes,Actinomycetota,PET,,KJK32948,,,,WP_045318561.1,UPI0005EC3BAA,A0A0F0GA73,UniRef100_A0A0F0GA73,UniRef50_A0A941ALA2;UniRef50_A0A243S155,UniRef90_A0A0F0GA73,https://doi.org/10.1126/science.adp5637,424
299,1496,1,226,Streptomyces acidiscabies,Actinomycetota,PET,,,,,,WP_075737041.1,,,,,,https://doi.org/10.1126/science.adp5637,304
300,1169,1,185,Lentzea guizhouensis,Actinomycetota,PET,,ANZ39369,,,,WP_065917710.1,UPI00081A52E8,A0A1B2HNS7,UniRef100_A0A1B2HNS7,UniRef50_A0A4V0ZKB9;UniRef50_A0A365HAJ8,UniRef90_A0A1B2HNS7,https://doi.org/10.1126/science.adp5637,276
301,1637,1,227,Micromonospora violae,Actinomycetota,PET,,RZT79377;RZT79377.1,,,,WP_130401777.1,UPI00102B0E4E,A0A4Q7UDQ3,UniRef100_A0A4Q7UDQ3,UniRef50_I0L7L7;UniRef50_A0A243S155,UniRef90_A0A4Q7UDQ3,https://doi.org/10.1126/science.adp5637,462
302,1463,1,228,Dactylosporangium aurantiacum,Actinomycetota,PET,,,,,,WP_081971423.1,,,,,,https://doi.org/10.1126/science.adp5637,265
303,1545,1,229,Micromonospora sediminimaris,Actinomycetota,PET,,,,,,WP_093411427.1,,,,,,https://doi.org/10.1126/science.adp5637,467
304,554,1,230,Amycolatopsis kentuckyensis,Actinomycetota,PET,,,,,,WP_086849962.1,,,,,,https://doi.org/10.1126/science.adp5637,309
305,1573,1,231,Lentzea atacamensis,Actinomycetota,PET,,PWK83820;PWK83820.1,,,,WP_109639600.1,UPI000D6BE22F,A0A316HUR8,UniRef100_A0A316HUR8,UniRef50_A0A941ALA2;UniRef50_A0A243S155,UniRef90_A0A316HUR8,https://doi.org/10.1126/science.adp5637,422
306,1654,1,232,Crossiella equi,Actinomycetota,PET,,,,,,WP_086784246.1,,,,,,https://doi.org/10.1126/science.adp5637,418
307,1555,1,233,Streptomyces achromogenes,Actinomycetota,PET,,,,,,WP_078844206.1,,,,,,https://doi.org/10.1126/science.adp5637,348
308,1591,1,234,Micromonospora haikouensis,Actinomycetota,PET,,SCF06376;SCF06376.1,,,,WP_091283529.1,UPI00081E2ADC,A0A1C4XD55,UniRef100_A0A1C4XD55,UniRef50_I0L7L7;UniRef50_A0A243S155,UniRef90_A0A1C4YLV9,https://doi.org/10.1126/science.adp5637,463
309,1620,1,235,Micromonospora saelicesensis,Actinomycetota,PET,,,,,,WP_112669767.1,,,,,,https://doi.org/10.1126/science.adp5637,461
310,1240,1,236,Luteipulveratus halotolerans,Actinomycetota,PET,,KNX38636.1;KNX38636,,,,,UPI0006A49B64,A0A0L6CLF9,UniRef100_A0A0L6CLF9,UniRef50_A0A0L6CLF9,UniRef90_A0A0L6CLF9,https://doi.org/10.1126/science.adp5637,303
311,1594,1,237,Micromonospora carbonacea,Actinomycetota,PET,,,,,,WP_083302694.1,,,,,,https://doi.org/10.1126/science.adp5637,463
312,1457,1,238,Amycolatopsis vastitatis,Actinomycetota,PET,,,,,,WP_093954453.1,,,,,,https://doi.org/10.1126/science.adp5637,302
313,247,1,93,Steroidobacter cummioxidans,Pseudomonadota,PET,,,,,,WP_116813002.1,,,,,,https://doi.org/10.1126/science.adp5637,288
314,1641,1,239,Micromonospora coriariae,Actinomycetota,PET,,,,,,WP_089021493.1,,,,,,https://doi.org/10.1126/science.adp5637,460
315,1309,1,240,Nocardioides albertanoniae,Actinomycetota,PET,,TQL66274.1;TQL66274,,,,WP_246087895.1,UPI00116EADF7,A0A543A134,UniRef100_A0A543A134,UniRef50_A0A7Z0IUR9;UniRef50_A0A365HAJ8,UniRef90_A0A543A134,https://doi.org/10.1126/science.adp5637,286
316,414,1,376,Amycolatopsis bacterium,Actinomycetota,PET,,ROS43649;ROS43649.1,,,,WP_123685830.1,UPI000F4C86F0,A0A3N2H5C7,UniRef100_A0A3N2H5C7,UniRef50_D1A9G5;UniRef50_Q9L2J6,UniRef90_A0A3N2H5C7,https://doi.org/10.1126/science.adp5637,289
317,1506,1,241,Lentzea albidocapillata,Actinomycetota,PET,,SMC48522;SMC48522.1,,,,WP_084400763.1,UPI0009D8A8A4,A0A1W1ZJY9,UniRef100_A0A1W1ZJY9,UniRef50_I0L7L7;UniRef50_A0A243S155,UniRef90_A0A1G8Q8L3,https://doi.org/10.1126/science.adp5637,436
318,1493,1,242,Micromonospora sp. KC606,Actinomycetota,PET,,,,,,WP_132183354.1,,,,,,https://doi.org/10.1126/science.adp5637,454
319,1395,1,243,Herbihabitans rhizosphaerae,Actinomycetota,PET,,RZS34008.1;RZS34008,,,,WP_242613666.1,UPI0010CF28B1,A0A4Q7KGM3,UniRef100_A0A4Q7KGM3,UniRef50_A0A0L6CLF9,UniRef90_A0A4Q7KGM3,https://doi.org/10.1126/science.adp5637,288
320,1478,1,244,Streptomyces ipomoeae,Actinomycetota,PET,,,,,,WP_141569747.1,,,,,,https://doi.org/10.1126/science.adp5637,331
321,1571,1,245,Micromonospora inaquosa,Actinomycetota,PET,,,,,,WP_124770494.1,,,,,,https://doi.org/10.1126/science.adp5637,329
322,169,1,246,Microbispora sp. GKU 823,Actinomycetota,PET,,OPG10926.1,,,,,,,,,,https://doi.org/10.1126/science.adp5637,308
323,1638,1,247,Actinoplanes subtropicus,Actinomycetota,PET,,,,,,WP_051808300.1,,,,,,https://doi.org/10.1126/science.adp5637,277
324,1868,1,248,Microbispora triticiradicis,Actinomycetota,PET,,,,,,WP_111700265.1,,,,,,https://doi.org/10.1126/science.adp5637,436
325,1718,1,249,Kutzneria sp. 744,Actinomycetota,PET,,,,,,WP_084578793.1,,,,,,https://doi.org/10.1126/science.adp5637,337
326,401,1,250,Micromonospora chalcea,Actinomycetota,PET,,,,,,WP_104115406.1,,,,,,https://doi.org/10.1126/science.adp5637,296
327,1392,1,251,Streptomyces sp. MA5143a,Actinomycetota,PET,,SPF04022.1,,,,,,,,,,https://doi.org/10.1126/science.adp5637,287
328,486,1,252,Micromonospora globbae,Actinomycetota,PET,,RKF29126;RKF29126.1,,,,WP_120326365.1,UPI000E727470,A0A420F8B0,UniRef100_A0A420F8B0,UniRef50_D1A9G5;UniRef50_A0A1H5UML9,UniRef90_A0A420F8B0,https://doi.org/10.1126/science.adp5637,300
329,1424,1,253,Actinokineospora spheciospongiae,Actinomycetota,PET,,,,,,WP_110080872.1,,,,,,https://doi.org/10.1126/science.adp5637,316
330,1475,1,254,Lentzea kentuckyensis,Actinomycetota,PET,,,,,,WP_086668955.1,,,,,,https://doi.org/10.1126/science.adp5637,375
331,282,1,255,Amycolatopsis arida,Actinomycetota,PET,,,,,,WP_092528534.1,,,,,,https://doi.org/10.1126/science.adp5637,299
332,1635,1,256,Micromonospora sp. HM134,Actinomycetota,PET,,,,,,WP_145923095.1,,,,,,https://doi.org/10.1126/science.adp5637,487
333,1228,1,257,Actinokineospora iranica,Actinomycetota,PET,,,,,,WP_091450391.1,,,,,,https://doi.org/10.1126/science.adp5637,281
334,1876,1,258,Streptomyces dysideae,Actinomycetota,PET,,KUO14559,,,,WP_067035690.1,UPI00074649B9,A0A101UPP1,UniRef100_A0A101UPP1,UniRef50_A0A7W7GLP4;UniRef50_A0ABV8GUI5,UniRef90_A0A101UPP1,https://doi.org/10.1126/science.adp5637,423
335,1340,1,259,Actinomadura rubteroloni,Actinomycetota,PET,,POM25299;POM25299.1,,,,WP_103564314.1,UPI000CD928EA,A0A2P4UJS9,UniRef100_A0A2P4UJS9,UniRef50_A0A4V0ZKB9;UniRef50_A0A365HAJ8,UniRef90_A0A2P4UJS9,https://doi.org/10.1126/science.adp5637,298
336,191,1,260,Streptomyces sp. SCA2-2,Actinomycetota,PET,,,,,,WP_129849678.1,,,,,,https://doi.org/10.1126/science.adp5637,316
337,PC3,1,261,Thermomonospora echinospora,Actinomycetota,PET,,SEG69681.1;SEG69681,,,,WP_103939557.1,UPI00089EEDB1,A0A1H6C9P0,UniRef100_A0A1H6C9P0,UniRef50_D1A9G5;UniRef50_A0A1H5UML9,UniRef90_A0A1H6C9P0,https://doi.org/10.1038/s41467-023-40233-w,292
338,PC4,1,262,Amycolatopsis eburnea,Actinomycetota,PET,,RSD13955;RSD13955.1,,,,WP_125313231.1,UPI000F67F0F9,A0A3R9F716,UniRef100_A0A3R9F716,UniRef50_A0A4V0ZKB9;UniRef50_Q6A0I4,UniRef90_A0A3R9F716,https://doi.org/10.1038/s41467-023-40233-w,309
339,PC5,1,263,Actinokineospora bangkokensis,Actinomycetota,PET,,OLR92979;OLR92979.1,,,,WP_075975245.1,UPI000962BCCF,A0A1Q9LLU8,UniRef100_A0A1Q9LLU8,UniRef50_A0A543NNU7;UniRef50_A0A1N6SMU6,UniRef90_A0A1Q9LLU8,https://doi.org/10.1038/s41467-023-40233-w,307
340,PC6,1,23,Thermobifida cellulosilytica,Actinomycetota,PET,,KUP97549;KUP97549.1,,,,WP_068752972.1,UPI0007977732,A0A147KJY8,UniRef100_A0A147KJY8,UniRef50_Q6A0I4,UniRef90_A0A147KJY8,https://doi.org/10.1038/s41467-023-40233-w,300
341,PC8,1,264,Pseudomonadales bacterium,Pseudomonadota,PET,,MBA55398.1,,,,,,,,,,https://doi.org/10.1038/s41467-023-40233-w,303
342,Nepenthesin-1,1,265,Nepenthes distillatoria,Streptophyta,PBAT|PET,,,,,,,,,,,,https://doi.org/10.1038/s41598-025-14331-2,
343,Nyl04,1,266,Gonapodya prolifera,Chytridiomycota,PA,,KXS08985;KXS08985.1,,,,,UPI0007904B1F,A0A138ZXG5,UniRef100_A0A138ZXG5,UniRef50_A0A138ZXG5,UniRef90_A0A138ZXG5,https://doi.org/10.1016/j.checat.2025.101418,366
344,Nyl10,1,267,Jatrophihabitans endophyticus,Actinomycetota,PA,,SHG97129;SHG97129.1,,,,WP_073391230.1,UPI00091AC531,A0A1M5P6R3,UniRef100_A0A1M5P6R3,UniRef50_H0R0A6,UniRef90_A0A1M5P6R3,https://doi.org/10.1016/j.checat.2025.101418,285
345,Nyl11,1,268,Ferrimonas marina,Pseudomonadota,PA,,SHI21352,,,,WP_082766707.1,UPI000917D01F,A0A1M5ZAZ5,UniRef100_A0A1M5ZAZ5,UniRef50_E1SVD5,UniRef90_A0A1M5ZAZ5,https://doi.org/10.1016/j.checat.2025.101418,343
346,Nyl12,1,269,Gammaproteobacteria bacterium 39-13,Pseudomonadota,PA,,,,,,,UPI00095DEF49,A0A1Q3SHB0,,,,https://doi.org/10.1016/j.checat.2025.101418,328
347,Nyl13,1,270,Faecalibaculum rodentium,Bacillota,PA,,OLU44829.1;OLU44829,,,,WP_075885500.1,UPI000969FE84,A0A1Q9YJX4,UniRef100_A0A1Q9YJX4,UniRef50_A0A1Q9YJX4,UniRef90_A0A1Q9YJX4,https://doi.org/10.1016/j.checat.2025.101418,324
348,Nyl14,1,271,Olsenella sp. An290,Actinomycetota,PA,,,,,,,UPI000B39940A,A0A1Y4BJH4,,,,https://doi.org/10.1016/j.checat.2025.101418,335
349,Nyl16,1,272,Candidimonas nitroreducens,Pseudomonadota,PA,,OWT56952;OWT56952.1,,,,,UPI000B51CAC9,A0A225M899,UniRef100_A0A225M899,UniRef50_A0A225M899,UniRef90_A0A225M899,https://doi.org/10.1016/j.checat.2025.101418,335
350,Nyl18,1,273,Halobacteriovoraceae bacterium,Bdellovibrionota,PA,,,,,,,UPI000C5FA6A5,A0A2E3XQJ6,,,,https://doi.org/10.1016/j.checat.2025.101418,328
351,Nyl25,1,274,Sulfobacillus benefaciens,Bacillota,PA,,PSR30050,,,,,UPI000D4807EB,A0A2T2X6B9,UniRef100_A0A2T2X6B9,UniRef50_G8TSY0,UniRef90_A0A2T2X6B9,https://doi.org/10.1016/j.checat.2025.101418,325
352,Nyl29,1,275,Halanaerobium sp.,Bacillota,PA,,,,,,,UPI000D3856F9,A0A315R6Z8,,,,https://doi.org/10.1016/j.checat.2025.101418,302
353,Nyl30,1,276,Clostridium perfringens,Bacillota,PA,,PWX09261.1,,,,,,,,,,https://doi.org/10.1016/j.checat.2025.101418,325
354,Nyl32,1,277,Treponema sp.,Spirochaetota,PA,,,,,,,UPI000E874606,A0A351YZM4,,,,https://doi.org/10.1016/j.checat.2025.101418,328
355,Nyl34,1,278,SAR116 cluster bacterium,Pseudomonadota,PA,,,,,,,UPI000E01F03C,A0A368EC02,,,,https://doi.org/10.1016/j.checat.2025.101418,304
356,Nyl37,1,133,Dehalococcoidia bacterium,Chloroflexota,PA,,,,,,,UPI000EDA83A9,A0A3D1YDR8,,,,https://doi.org/10.1016/j.checat.2025.101418,311
357,Nyl39,1,280,Synergistaceae bacterium,Synergistota,PA,,,,,,,UPI000ED36E52,A0A3D4HM79,,,,https://doi.org/10.1016/j.checat.2025.101418,314
358,Nyl40,1,281,Deltaproteobacteria bacterium,Myxococcota,PA,,,,,,,UPI000F2CC326,A0A3M1X2K7,,,,https://doi.org/10.1016/j.checat.2025.101418,322
359,Nyl44,1,281,Deltaproteobacteria bacterium,Myxococcota,PA,,,,,,,UPI001000D7F6,A0A432H965,,,,https://doi.org/10.1016/j.checat.2025.101418,326
360,Nyl45,1,282,Sporolactobacillus sp. THM7-4,Bacillota,PA,,RYL92504.1,,,,,,,,,,https://doi.org/10.1016/j.checat.2025.101418,325
361,Nyl47,1,283,Kribbella sindirgiensis,Actinomycetota,PA,,TCC30429;TCC30429.1,,,,WP_131292212.1,UPI00103EF99D,A0A4R0IDB8,UniRef100_A0A4R0IDB8,UniRef50_H0R0A6,UniRef90_A0A4R0HEM2,https://doi.org/10.1016/j.checat.2025.101418,287
362,Nyl50,1,191,Alphaproteobacteria bacterium,Pseudomonadota,PA,,TAL40028,,,9CXR;9DYS,,UPI0011F6E061,A0A522DD61;A0ACD6BAK9,UniRef100_A0ACD6BAK9,UniRef50_A0A7G7MKK3,UniRef90_A0ACD6BAK9,https://doi.org/10.1016/j.checat.2025.101418,305
363,Nyl54,1,284,Acrocarpospora macrocephala,Actinomycetota,PA,,GES08825,,,,WP_170322449.1,UPI0012CF9DF0,A0A5M3WI68,UniRef100_A0A5M3WI68,UniRef50_A0A5M3WI68,UniRef90_A0A5M3WI68,https://doi.org/10.1016/j.checat.2025.101418,313
364,Nyl57,1,285,Candidatus Zhuqueibacterota bacterium,,PA,,,,,,,UPI000F25D7FA,A0A661XAJ6,,,,https://doi.org/10.1016/j.checat.2025.101418,315
365,Nyl58,1,286,Rhodospirillales bacterium,Pseudomonadota,PA,,,,,,,UPI00135D7877,A0A6A7M915,,,,https://doi.org/10.1016/j.checat.2025.101418,342
366,Nyl60,1,133,Dehalococcoidia bacterium,Chloroflexota,PA,,,,,,,UPI0013CDAD5E,A0A6I1QW75,,,,https://doi.org/10.1016/j.checat.2025.101418,325
367,Nyl63,1,287,Oceanithermus sp.,Deinococcota,PA,,,,,,,UPI001755E121,A0A7C3G8G6,,,,https://doi.org/10.1016/j.checat.2025.101418,288
368,Nyl65,1,288,Clostridiales bacterium,Bacillota,PA,,,,,,,UPI00176A16D6,A0A7C6SQZ1,,,,https://doi.org/10.1016/j.checat.2025.101418,318
369,Nyl66,1,289,Candidatus Fermentithermobacillaceae bacterium,Bacillota,PA,,,,,,,UPI0017723598,A0A7C7DKE8,,,,https://doi.org/10.1016/j.checat.2025.101418,342
370,Nyl68,1,290,Bacteroidota bacterium,Bacteroidota,PA,,,,,,,UPI0018219EA7,A0A7V5VEC1,,,,https://doi.org/10.1016/j.checat.2025.101418,312
371,Nyl71,1,291,Acidobacteriota bacterium,Acidobacteriota,PA,,,,,,,UPI0017C9185A,A0A7V9NEU5,,,,https://doi.org/10.1016/j.checat.2025.101418,359
372,Nyl72,1,292,Acidimicrobiia bacterium,Actinomycetota,PA,,,,,,,UPI0017E5B200,A0A7W0NYQ1,,,,https://doi.org/10.1016/j.checat.2025.101418,292
373,Nyl73,1,293,Stecheria intestinalis,Bacillota,PA,,MSS57807;MSS57807.1,,,,,UPI00139DC9BB,A0A7X2NQM3,UniRef100_A0A7X2NQM3,UniRef50_A0A2K9P0T4;UniRef50_E7MQF1,UniRef90_A0A7X2NQM3,https://doi.org/10.1016/j.checat.2025.101418,319
374,Nyl74,1,294,Coriobacteriaceae bacterium,Actinomycetota,PA,,,,,,,UPI0016A28E5E,A0A7X7N2B0,,,,https://doi.org/10.1016/j.checat.2025.101418,364
375,Nyl82,1,295,Desulfomonile tiedjei,Thermodesulfobacteriota,PA,,AFM25331,,,,WP_014810472.1,UPI000265EEBA,I4C6Z0,UniRef100_I4C6Z0,UniRef50_A0A652ZXT7,UniRef90_I4C6Z0,https://doi.org/10.1016/j.checat.2025.101418,334
376,Nyl83,1,296,Galdieria sulphuraria,Rhodophyta,PA,,EME31072;EME31073,,,,XP_005707592.1;XP_005707593.1,UPI0002B7BA38,M2Y524,UniRef100_M2Y524,UniRef50_A0A9C7UNW5,UniRef90_A0A9C7UNW5,https://doi.org/10.1016/j.checat.2025.101418,361
377,Nyl84,1,297,Mycobacterium avium subsp. paratuberculosis,Actinomycetota,PA,,AAS04744,,,,WP_010949597.1,UPI0000238855,Q73X82,UniRef100_Q73X82,UniRef50_P9WM23,UniRef90_Q73X82,https://doi.org/10.1016/j.checat.2025.101418,347
378,Nyl85,1,298,Faecalibacterium sp. CAG:1138,Bacillota,PA,,,,,,,UPI00033E4724,R5FI29,,,,https://doi.org/10.1016/j.checat.2025.101418,302
379,Nyl87,1,299,Peptoniphilus sp. BV3C26,Bacillota,PA,,,,,,,UPI0003B84AC0,U7UHN3,,,,https://doi.org/10.1016/j.checat.2025.101418,313
380,Nyl93,1,300,Gordonia asplenii,Actinomycetota,PA,,NMO04284,,,,WP_170196788.1,UPI0014768F9E,A0A848L028,UniRef100_A0A848L028,UniRef50_P9WM23,UniRef90_A0A848L028,https://doi.org/10.1016/j.checat.2025.101418,376
381,DP003,1,301,Jonesia denitrificans,Actinomycetota,PET,,ACV09511;ACV09511.1,,,,,UPI00019BC6B1,C7QZV3,UniRef100_C7QZV3,UniRef50_A0A543NNU7,UniRef90_C7QZV3,https://doi.org/10.1021/acscatal.5c03460,259
382,DP006,1,302,Actinokineospora alba,Actinomycetota,PET,,TDP67440,,,,,,,,,,https://doi.org/10.1021/acscatal.5c03460,263
383,DP007,1,253,Actinokineospora spheciospongiae,Actinomycetota,PET,,EWC60711,,,,WP_035284691;WP_035284691.1,UPI0003ECE9B6,W7IW76,UniRef100_W7IW76,UniRef50_A0A2P4UD72;UniRef50_A0A365HAJ8,UniRef90_W7IW76,https://doi.org/10.1021/acscatal.5c03460,266
384,DP008,1,243,Herbihabitans rhizosphaerae,Actinomycetota,PET,,RZS45049,,,,WP_130342639;WP_130342639.1,UPI00102B1983,A0A4Q7L5W5,UniRef100_A0A4Q7L5W5,UniRef50_P0DX29;UniRef50_A0A2P4UDC3,UniRef90_A0A4Q7L5W5,https://doi.org/10.1021/acscatal.5c03460,264
385,DP016,1,303,Actinomadura physcomitrii,Actinomycetota,PET,,MWA05158;MWA05158.1,,,,WP_151597653.1,UPI00124D218B,A0A6I4MG66,UniRef100_A0A6I4MG66,UniRef50_A0A7D3VX47;UniRef50_A0A7K1L1I6,UniRef90_A0A7D3VX47,https://doi.org/10.1021/acscatal.5c03460,280
386,DP017,1,304,Actinokineospora xionganensis,Actinomycetota,PET,,MBC6451736,,,,WP_187224800.1,UPI0016504B7B,A0ABR7LG92,UniRef100_A0ABR7LG92,UniRef50_A0A365H755,UniRef90_A0A1H0WDR5,https://doi.org/10.1021/acscatal.5c03460,257
387,DP021,1,305,Dactylosporangium sp.,Actinomycetota,PET,,MBT8227529.1,,,,,,,,,,https://doi.org/10.1021/acscatal.5c03460,395
388,DP038,1,188,Rhizobacter sp.,Pseudomonadota,PET,,MBX3624429.1,,,,,,,,,,https://doi.org/10.1021/acscatal.5c03460,266
389,DP039,1,14,Piscinibacter gummiphilus,Pseudomonadota,PET,,ARN20166;ARN20166.1,,,,WP_085750434.1,UPI000A202151,A0A1W6L7G8,UniRef100_A0A1W6L7G8,UniRef50_A0A2U8FWH1;UniRef50_A0ABR6GM29,UniRef90_A0A1W6L7G8,https://doi.org/10.1021/acscatal.5c03460,267
390,DP040,1,253,Actinokineospora spheciospongiae,Actinomycetota,PET,,EWC64147,,,,WP_233427406.1,UPI0003ECEC21,W7J542,UniRef100_W7J542,UniRef50_A0A365H755,UniRef90_W7J542,https://doi.org/10.1021/acscatal.5c03460,269
391,DP043,1,306,Actinoplanes sp. DH11,Actinomycetota,PET,,,,,,WP_229068674.1,,,,,,https://doi.org/10.1021/acscatal.5c03460,269
392,DP054,1,307,Actinomadura rayongensis,Actinomycetota,PET,,MXQ66241,,,,WP_161104454.1,UPI0013533E06,A0A6I4W9J4,UniRef100_A0A6I4W9J4,UniRef50_A0A2P4UDC3,UniRef90_A0A2P4UDC3,https://doi.org/10.1021/acscatal.5c03460,261
393,DP056,1,15,,Actinomycetota,PET,,,,MGYP001489421514,,,,,,,,https://doi.org/10.1021/acscatal.5c03460,263
394,DP057,1,308,Acidimicrobiales bacterium,Actinomycetota,PET,,MBN2622270.1,,,,,,,,,,https://doi.org/10.1021/acscatal.5c03460,287
395,DP059,1,15,,Actinomycetota,PET,,,,MGYP001121581011,,,,,,,,https://doi.org/10.1021/acscatal.5c03460,392
396,DP061,1,309,Paractinoplanes polyasparticus,Actinomycetota,PET,,,,,,WP_221382552.1,,,,,,https://doi.org/10.1021/acscatal.5c03460,404
397,DP068,1,15,,Actinomycetota,PET,,,,MGYP000271253724,,,,,,,,https://doi.org/10.1021/acscatal.5c03460,420
398,DP078,1,310,Pseudomonas fluvialis,Pseudomonadota,PET,,MBB6341764,,,,WP_184682765.1,UPI00160F0CD1,A0A7X0EU44,UniRef100_A0A7X0EU44,UniRef50_A0A2K9LJV9,UniRef90_A0A7X0EU44,https://doi.org/10.1021/acscatal.5c03460,273
399,DP080,1,311,Thermoleophilaceae bacterium,Actinomycetota,PET,,MBJ7347705.1,,,,,,,,,,https://doi.org/10.1021/acscatal.5c03460,259
400,DP081,1,15,,Actinomycetota,PET,,,,MGYP000221121644,,,,,,,,https://doi.org/10.1021/acscatal.5c03460,425
401,DP082,1,312,Paractinoplanes durhamensis,Actinomycetota,PET,,GIE05432,,,,WP_203733135.1,UPI0019459E00,A0ABQ3Z6H3,UniRef100_A0ABQ3Z6H3,UniRef50_A0ABQ3Z6H3,UniRef90_A0ABQ3Z6H3,https://doi.org/10.1021/acscatal.5c03460,259
402,DP084,1,313,Hamadaea sp.,Actinomycetota,PET,,NUT34383.1,,,,,,,,,,https://doi.org/10.1021/acscatal.5c03460,257
403,DP089,1,314,Promicromonospora panici,Actinomycetota,PET,,,,,,WP_129786244.1,,,,,,https://doi.org/10.1021/acscatal.5c03460,257
404,DP090,1,315,Streptomyces sp. ST2-7A,Actinomycetota,PET,,,,,,WP_233872418.1,,,,,,https://doi.org/10.1021/acscatal.5c03460,268
405,DP092,1,316,Microbispora catharanthi,Actinomycetota,PET,,KAB8173340;KAB8173340.1,,,,WP_139580723.1,UPI00111B15AC,A0A5N6AZJ9,UniRef100_A0A5N6AZJ9,UniRef50_A0A941ALA2,UniRef90_A0A5N6AZJ9,https://doi.org/10.1021/acscatal.5c03460,417
406,ESM006,1,317,Saccharothrix sp. S26,Actinomycetota,PET,,,,,,WP_267938240.1,,,,,,https://doi.org/10.1021/acscatal.5c03460,405
407,ESM010,1,318,Microbispora sp. (multispecies),Actinomycetota,PET,,,,,,WP_167521412.1,,,,,,https://doi.org/10.1021/acscatal.5c03460,423
408,ESM012,1,319,Solwaraspora sp. WMMA2059,Actinomycetota,PET,,WBC00352.1,,,,,,,,,,https://doi.org/10.1021/acscatal.5c03460,401
409,ESM021,1,320,Microbispora oryzae,Actinomycetota,PET,,MBP2706078;MBP2706078.1,,,,WP_210157342.1,UPI001AEC23E7,A0A941ALA2,UniRef100_A0A941ALA2,UniRef50_A0A941ALA2,UniRef90_A0A941ALA2,https://doi.org/10.1021/acscatal.5c03460,398
410,ESM024,1,248,Microbispora triticiradicis,Actinomycetota,PET,,MBO4274871.1,,,,,,,,,,https://doi.org/10.1021/acscatal.5c03460,432
411,ESM026,1,321,Microbispora sp. ATCC PTA-5024,Actinomycetota,PET,,,,,,WP_232326807.1,,,,,,https://doi.org/10.1021/acscatal.5c03460,416
412,ESM033,1,322,Phytohabitans rumicis,Actinomycetota,PET,,GFJ87714.1;GFJ87714,,,,,UPI00141446F8,A0A6V8KV47,UniRef100_A0A6V8KV47,UniRef50_A0A1N6XE42;UniRef50_A0A5N6B8J9,UniRef90_A0A6V8KV47,https://doi.org/10.1021/acscatal.5c03460,380
413,ESM035,1,323,Saccharothrix deserti,Actinomycetota,PET,,,,,,WP_158852571.1,,,,,,https://doi.org/10.1021/acscatal.5c03460,382
414,ESM038,1,324,Microbispora sp. H10830,Actinomycetota,PET,,,,,,WP_182904095.1,,,,,,https://doi.org/10.1021/acscatal.5c03460,417
415,ESM043,1,325,Streptomyces sp. NRRL F-5123,Actinomycetota,PET,,,,,,WP_031525917.1,,,,,,https://doi.org/10.1021/acscatal.5c03460,402
416,ESM045,1,188,Rhizobacter sp.,Pseudomonadota,PET,,MBX3621832.1,,,,,,,,,,https://doi.org/10.1021/acscatal.5c03460,256
417,ESM050,1,308,Acidimicrobiales bacterium,Actinomycetota,PET,,GIU85367.1,,,,,,,,,,https://doi.org/10.1021/acscatal.5c03460,244
418,ESM052,1,326,Paractinoplanes deccanensis,Actinomycetota,PET,,,,,,WP_203777396.1,,,,,,https://doi.org/10.1021/acscatal.5c03460,417
419,ESM058,1,327,Phytohabitans houttuyneae,Actinomycetota,PET,,GFJ81874;GFJ81874.1,,,,WP_173061649.1,UPI001414991C,A0A6V8KDL4,UniRef100_A0A6V8KDL4,UniRef50_I0L7L7;UniRef50_A0A243S155,UniRef90_A0A6V8KDL4,https://doi.org/10.1021/acscatal.5c03460,412
420,ESM059,1,328,Micromonospora craterilacus,Actinomycetota,PET,,,,,,WP_111214096.1,,,,,,https://doi.org/10.1021/acscatal.5c03460,409
421,ESM060,1,329,Paractinoplanes rishiriensis,Actinomycetota,PET,,,,,,WP_203790592.1,,,,,,https://doi.org/10.1021/acscatal.5c03460,381
422,ESM061,1,330,Plantactinospora alkalitolerans,Actinomycetota,PET,,MBF9135495.1;MBF9135495,,,,,UPI0018ACF686,A0ABS0HAQ4,UniRef100_A0ABS0HAQ4,UniRef50_A0AAE8VVC6;UniRef50_A0ABS0HAQ4,UniRef90_A0ABS0HAQ4,https://doi.org/10.1021/acscatal.5c03460,293
423,ESM062,1,331,Micromonospora taraxaci,Actinomycetota,PET,,TWG17167.1;TWG17167,,,,,UPI00119C4979,A0A561VZY8,UniRef100_A0A561VZY8,UniRef50_I0L7L7;UniRef50_A0A243S155,UniRef90_A0A1C4Y8Y7,https://doi.org/10.1021/acscatal.5c03460,412
424,ESM064,1,332,Phytohabitans aurantiacus,Actinomycetota,PET,,GLI01021.1;GLI01021,,,,WP_281901711.1,UPI0022EE72CC,A0ABQ5R2R9,UniRef100_A0ABQ5R2R9,UniRef50_A0A919N2S9;UniRef50_A0ABQ5R2R9,UniRef90_A0ABQ5R2R9,https://doi.org/10.1021/acscatal.5c03460,374
425,ESM065,1,333,Micromonospora qiuiae,Actinomycetota,PET,,,,,,WP_204038550.1,,,,,,https://doi.org/10.1021/acscatal.5c03460,270
426,ESM069,1,235,Micromonospora saelicesensis,Actinomycetota,PET,,,,,,WP_181548579.1,,,,,,https://doi.org/10.1021/acscatal.5c03460,408
427,ESM070,1,334,Micromonospora sp. AKA109,Actinomycetota,PET,,GHJ08786.1,,,,,,,,,,https://doi.org/10.1021/acscatal.5c03460,400
428,ESM080,1,335,Micromonospora rifamycinica,Actinomycetota,PET,,SCG74774,,,,WP_084261341.1,UPI00081F7C57,A0A1C5JVZ6,UniRef100_A0A1C5JVZ6,UniRef50_I0L7L7;UniRef50_A0A243S155,UniRef90_A0A1C5JVZ6,https://doi.org/10.1021/acscatal.5c03460,419
429,ESM081,1,336,Micromonospora sp. CPCC 205371,Actinomycetota,PET,,,,,,WP_265247586.1,,,,,,https://doi.org/10.1021/acscatal.5c03460,375
430,ESM082,1,337,Dactylosporangium vinaceum,Actinomycetota,PET,,UAC02078.1,,,,,,,,,,https://doi.org/10.1021/acscatal.5c03460,251
431,ESM084,1,338,Actinoallomurus spadix,Actinomycetota,PET,,,,,,WP_252811421.1,,,,,,https://doi.org/10.1021/acscatal.5c03460,375
432,ESM090,1,339,Dactylosporangium sucinum,Actinomycetota,PET,,GGM69934,,,,WP_229836555.1,UPI0019C2DED3,A0A917UAD8,UniRef100_A0A917UAD8,UniRef50_A0A365HAJ8;UniRef50_A0A1N6SMU6,UniRef90_A0A917UAD8,https://doi.org/10.1021/acscatal.5c03460,251
433,ESM093,1,194,Dactylosporangium siamense,Actinomycetota,PET,,GIG42977,,,,WP_239135698.1,UPI001A58577F,A0A919PGK4,UniRef100_A0A919PGK4,UniRef50_A0A365HAJ8;UniRef50_A0A1N6SMU6,UniRef90_A0A919PGK4;UniRef90_A0ABV9WL17,https://doi.org/10.1021/acscatal.5c03460,251
434,ESM096,1,340,Pseudomonas subflava,Pseudomonadota,PET,,,,,,WP_252275389.1,,,,,,https://doi.org/10.1021/acscatal.5c03460,273
435,ESM097,1,341,Dactylosporangium matsuzakiense,Actinomycetota,PET,,GLL08040,,,,WP_271190254.1,UPI0022F2EE77,A0A9W6KVP5,UniRef100_A0A9W6KVP5,UniRef50_I0L7L7;UniRef50_A0A243S155,UniRef90_A0A9W6KVP5,https://doi.org/10.1021/acscatal.5c03460,400
436,ESM101,1,342,Micromonospora sp. RL09-050-HVF-A,Actinomycetota,PET,,MBW4703769.1,,,,,,,,,,https://doi.org/10.1021/acscatal.5c03460,420
437,ESM121,1,343,Micromonospora sp. D93,Actinomycetota,PET,,,,,,WP_247684544.1,,,,,,https://doi.org/10.1021/acscatal.5c03460,337
438,ESM128,1,344,Verrucosispora sp. WMMA2121,Actinomycetota,PET,,,,,,WP_269740835.1,,,,,,https://doi.org/10.1021/acscatal.5c03460,256
439,ESM130,1,345,Micromonospora sp. MH99,Actinomycetota,PET,,MCF0091346.1,,,,,,,,,,https://doi.org/10.1021/acscatal.5c03460,416
440,ESM136,1,346,Actinoplanes ianthinogenes,Actinomycetota,PET,,GGR16917.1,,,,,,,,,,https://doi.org/10.1021/acscatal.5c03460,397
441,ESM139,1,347,Amycolatopsis sp. CA-128772,Actinomycetota,PET,,,,,,WP_199199185.1,,,,,,https://doi.org/10.1021/acscatal.5c03460,313
442,ESM140,1,348,Amycolatopsis sp. WQ 127309,Actinomycetota,PET,,,,,,WP_247056560.1,,,,,,https://doi.org/10.1021/acscatal.5c03460,260
443,ESM144,1,349,Catellatospora bangladeshensis,Actinomycetota,PET,,GIF82272;GIF82272.1,,,,WP_239125827.1,UPI001A3D5444,A0A8J3NIL5,UniRef100_A0A8J3NIL5,UniRef50_A0A365HAJ8;UniRef50_A0A1N6SMU6,UniRef90_A0A8J3NIL5,https://doi.org/10.1021/acscatal.5c03460,251
444,ESM156,1,350,Paractinoplanes tereljensis,Actinomycetota,PET,,GIF24764;GIF24764.1,,,,WP_203812622.1,UPI0019413648,A0A919NVN0,UniRef100_A0A919NVN0,UniRef50_A0A543NNU7,UniRef90_A0A919NVN0,https://doi.org/10.1021/acscatal.5c03460,262
445,ESM157,1,351,Micromonospora acroterricola,Actinomycetota,PET,,PWR09075.1;PWR09075,,,,,UPI000D6E648C,A0A317D8W8,UniRef100_A0A317D8W8,UniRef50_A0A317D8W8;UniRef50_A0ABQ5R2R9,UniRef90_A0A317D8W8,https://doi.org/10.1021/acscatal.5c03460,275
446,ESM159,1,352,Rhizocola hellebori,Actinomycetota,PET,,GIH02301;GIH02301.1,,,,WP_203906211.1,UPI0019442356,A0A8J3Q2S4,UniRef100_A0A8J3Q2S4,UniRef50_A0A7W7MJQ0;UniRef50_A0ABT4UC71,UniRef90_A0A8J3Q2S4,https://doi.org/10.1021/acscatal.5c03460,257
447,ESM160,1,353,Asanoa hainanensis,Actinomycetota,PET,,SNT65473,,,,WP_144022925.1,UPI000B759976,A0A239PER3,UniRef100_A0A239PER3,UniRef50_A0A7W7MJQ0;UniRef50_A0ABT4UC71,UniRef90_A0A239PER3,https://doi.org/10.1021/acscatal.5c03460,256
448,ESM167,1,354,Amycolatopsis tolypomycina,Actinomycetota,PET,,SED45657;SED45657.1,,,,WP_091317053.1,UPI0008970853,A0A1H5ATK4,UniRef100_A0A1H5ATK4,UniRef50_P0DX29;UniRef50_Q6A0I4,UniRef90_P0DX29,https://doi.org/10.1021/acscatal.5c03460,260
449,ESM169,1,188,Rhizobacter sp.,Pseudomonadota,PET,,MBT9528079.1,,,,,,,,,,https://doi.org/10.1021/acscatal.5c03460,266
450,ESM173,1,355,Micromonospora sp. CP22,Actinomycetota,PET,,MTK05241.1,,,,,,,,,,https://doi.org/10.1021/acscatal.5c03460,414
451,ESM177,1,356,Catellatospora methionotrophica,Actinomycetota,PET,,GIG17112;GIG17112.1,,,,WP_239086781.1,UPI001A5846BE,A0A8J3LA20,UniRef100_A0A8J3LA20,UniRef50_A0A365HAJ8;UniRef50_A0A1N6SMU6,UniRef90_A0A8J3LA20,https://doi.org/10.1021/acscatal.5c03460,251
452,ESM186,1,357,Halopseudomonas yangmingensis,Pseudomonadota,PET,,SFM35944,,,,WP_093473685.1,UPI0008EBBE9F,A0A1I4Q7B4,UniRef100_A0A1I4Q7B4,UniRef50_A0A2K9LJV9,UniRef90_A0A1I4Q7B4,https://doi.org/10.1021/acscatal.5c03460,277
453,TEP010,1,358,Verrucosispora sioxanthis,Actinomycetota,PET,,,,,,,,,,,,https://doi.org/10.1021/acscatal.5c03460,409
454,TEP014,1,23,Thermobifida cellulosilytica,Actinomycetota,PET,,,,MGYP001477358452,,,,,,,,https://doi.org/10.1021/acscatal.5c03460,261
455,TEP024,1,359,Streptomyces sp. A012304,Actinomycetota,PET,,,,,,WP_264933993.1,,,,,,https://doi.org/10.1021/acscatal.5c03460,402
456,TEP037,1,15,,Actinomycetota,PET,,,,MGYP000321434903,,,,,,,,https://doi.org/10.1021/acscatal.5c03460,259
457,TEP041,1,360,Crossiella sp. SN42,Actinomycetota,PET,,,,,,WP_256510026.1,,,,,,https://doi.org/10.1021/acscatal.5c03460,266
458,TEP054,1,228,Dactylosporangium aurantiacum,Actinomycetota,PET,,,,,,WP_260709492.1,,,,,,https://doi.org/10.1021/acscatal.5c03460,421
459,TEP061,1,361,Microbispora rosea subsp. aerata,Actinomycetota,PET,,GGO06455.1,,,,,,,,,,https://doi.org/10.1021/acscatal.5c03460,256
460,TEP067,1,362,Actinomadura sp. K4S16,Actinomycetota,PET,,,,,,WP_149259982.1,,,,,,https://doi.org/10.1021/acscatal.5c03460,279
461,TEP083,1,363,Micromonosporaceae bacterium,Actinomycetota,PET,,MBN1171866.1,,,,,,,,,,https://doi.org/10.1021/acscatal.5c03460,291
462,TEP091,1,364,Cellulomonas iranensis,Actinomycetota,PET,,MBO9569276.1,,,,,,,,,,https://doi.org/10.1021/acscatal.5c03460,255
463,TEP092,1,365,Plantactinospora endophytica,Actinomycetota,PET,,GIG90696.1;GIG90696,,,,,UPI0019423CCD,A0ABQ4E7M7,UniRef100_A0ABQ4E7M7,UniRef50_I0L7L7;UniRef50_A0A243S155,UniRef90_A0ABQ4E7M7,https://doi.org/10.1021/acscatal.5c03460,414
464,TEP097,1,366,Streptomyces swartbergensis,Actinomycetota,PET,,OUD04649.1;OUD04649,,,,WP_086599340.1,UPI000A3A2FF1,A0A243SAH7,UniRef100_A0A243SAH7,UniRef50_A0A243S155,UniRef90_A0A243SAH7,https://doi.org/10.1021/acscatal.5c03460,402
465,TEP101,1,187,Actinomadura atramentaria,Actinomycetota,PET,,,,,,WP_019633337.1,,,,,,https://doi.org/10.1021/acscatal.5c03460,272
466,TEP102,1,367,Streptomyces sp. V2,Actinomycetota,PET,,,,,,WP_109361459.1,,,,,,https://doi.org/10.1021/acscatal.5c03460,402
467,TEP103,1,368,Kutzneria sp. CA-103260,Actinomycetota,PET,,,,,,WP_211769896.1,,,,,,https://doi.org/10.1021/acscatal.5c03460,248
468,TEP105,1,369,Saccharopolyspora hirsuta,Actinomycetota,PET,,KAA5827152,,,,WP_150070118.1,UPI001232CC47,A0A5M7BCA1,UniRef100_A0A5M7BCA1,UniRef50_A0A543NNU7,UniRef90_A0A5M7BCA1,https://doi.org/10.1021/acscatal.5c03460,261
469,TEP109,1,186,Kibdelosporangium banguiense,Actinomycetota,PET,,MBP2328848.1;MBP2328848,,,,WP_307855560.1,UPI0027DDB14B,A0ABS4TWQ7,UniRef100_A0ABS4TWQ7,UniRef50_A0A7W7MJQ0;UniRef50_A0ABT4UC71,UniRef90_A0ABS4TWQ7,https://doi.org/10.1021/acscatal.5c03460,261
470,TEP111,1,237,Micromonospora carbonacea,Actinomycetota,PET,,,,,,WP_260422593.1,,,,,,https://doi.org/10.1021/acscatal.5c03460,411
471,TEP114,1,338,Actinoallomurus spadix,Actinomycetota,PET,,,,,,,,,,,,https://doi.org/10.1021/acscatal.5c03460,377
472,TEP163,1,370,Streptomyces sp. TRM70350,Actinomycetota,PET,,,,,,WP_218517662.1,,,,,,https://doi.org/10.1021/acscatal.5c03460,392
473,TEP164,1,360,Crossiella sp. SN42,Actinomycetota,PET,,,,,,WP_256510519.1,,,,,,https://doi.org/10.1021/acscatal.5c03460,403
474,TEP165,1,371,Micromonospora sp. HM5-17,Actinomycetota,PET,,,,,,WP_233604767.1,,,,,,https://doi.org/10.1021/acscatal.5c03460,391
475,TEP168,1,372,Micromonospora lutea,Actinomycetota,PET,,,,,,WP_239095870.1,,,,,,https://doi.org/10.1021/acscatal.5c03460,414
476,TEP178,1,373,Hamadaea flava,Actinomycetota,PET,,MFC4135022,,,,WP_253762837.1,UPI0020A3EA58,A0ABV8LVF2,UniRef100_A0ABV8LVF2,UniRef50_A0A1H5UML9,UniRef90_A0ABV8LVF2,https://doi.org/10.1021/acscatal.5c03460,257
477,TEP181,1,346,Actinoplanes ianthinogenes,Actinomycetota,PET,,,,,,,,,,,,https://doi.org/10.1021/acscatal.5c03460,412
478,TEP189,1,308,Acidimicrobiales bacterium,Actinomycetota,PET,,GIU85371.1,,,,,,,,,,https://doi.org/10.1021/acscatal.5c03460,242
479,TEP194,1,374,Sphaerisporangium fuscum,Actinomycetota,PET,,,,,,WP_250563816.1,,,,,,https://doi.org/10.1021/acscatal.5c03460,261
480,KaPETase,1,202,Kibdelosporangium aridum,Actinomycetota,PET,,SMD25264,,,,WP_143447025.1,UPI0009D8AA50,A0A1W2FU08,UniRef100_A0A1W2FU08,UniRef50_A0A543NNU7;UniRef50_Q9L2J6,UniRef90_A0A428Z0U1;UniRef90_A0A1W2FU08,https://doi.org/10.1016/j.jclepro.2025.145624,286
481,Sis,1,,,,PET,,XDS72785.1,,,,,,,,,,https://doi.org/10.3390/ijms25158120,282
482,NylB',1,45,Paenarthrobacter ureafaciens,Actinomycetota,PA,,CAA26616;CAA26616.1,,,1WYB;1WYC;2DCF;2E8I;2ZLY;2ZM0;2ZM2;2ZM7;2ZM8;2ZM9;2ZMA;3A65;3A66;3VWL;3VWM;3VWN;3VWP;3VWQ;3VWR,,UPI0000130B35,P07062,UniRef100_P07062,UniRef50_P07061,UniRef90_P07062,https://doi.org/10.1038/s41467-024-45523-5|https://doi.org/10.1128/jb.174.24.7948-7953.1992,392
483,DIEGO,1,377,uncultured bacterium,,PET,,YCL34723,,,,,,,,,,https://doi.org/10.1016/j.eti.2025.104587,293
484,TA21,1,378,Thermoleophilum album,Actinomycetota,PET|PLA,,WDT94064,,,,,,,,,,https://doi.org/10.1111/febs.70478,352
485,TA26,1,378,Thermoleophilum album,Actinomycetota,PET,,WDT94443,,,,,,,,,,https://doi.org/10.1111/febs.70478,321
486,TA29,1,378,Thermoleophilum album,Actinomycetota,PET|PLA,,WDT94189,,,,,,,,,,https://doi.org/10.1111/febs.70478,296
487,JW44_1708,1,61,Bacillus licheniformis,Bacillota,PBAT|PHA|PLA|PUR,,,,,,,,,,,,https://doi.org/10.1021/acs.est.4c07279,204
488,JW45_1534,1,379,Caldifermentibacillus hisashii,Bacillota,PBAT|PHA|PLA|PUR,,,,,,,,,,,,https://doi.org/10.1021/acs.est.4c07279,417
489,GuaPA,1,380,uncultured Candidatus Bathyarchaeia archaeon,Candidatus Bathyarchaeota,PET,,,,,,,,,,,,https://doi.org/10.1093/ismejo/wraf068,299
490,HP,1,9,Ectopseudomonas mendocina,Pseudomonadota,PBS|PHA,,ATH80290,,,,,,,,,,https://doi.org/10.1016/j.ibiod.2024.105910,283
491,pQR3139,1,377,uncultured bacterium,,PUR,,,,,,,,,,,,https://doi.org/10.1039/d5gc03560k,476
492,pQR3141,1,377,uncultured bacterium,,PUR,,,,,,,,,,,,https://doi.org/10.1039/d5gc03560k,491
493,pQR3144,1,377,uncultured bacterium,,PUR,,,,,,,,,,,,https://doi.org/10.1039/d5gc03560k,473
494,E4,1,381,Altericroceibacterium indicum,Pseudomonadota,PET,,,,,6IQ9;7C2A;7C82,,UPI000F735175,A0A4P1LYH5,UniRef100_A0A4P1LYH5,UniRef50_A0A0G9MX80,UniRef90_A0A4P1LYH5,https://doi.org/10.3390/biology15070540,191
495,PET93,1,382,Maribacter dokdonensis,Bacteroidota,PET,,WKW63607,,,,,,,,,,https://doi.org/10.1128/aem.01698-25,434
496,PET94,1,383,Arenibacter palladensis,Bacteroidota,PET,,WKW63608,,,,,,,,,,https://doi.org/10.1128/aem.01698-25,408
497,BsMPPE,1,28,Bacillus subtilis,Bacillota,PC,,AAC83951;CAB14214;MBK5973706;MBO3794387;QJP89025;QNN26855,,,,NP_390179.1;WP_003230532.1,UPI0000060669,A0A063XDV7;A0A6M3ZDK5;A0AAE2VCB2;P50733,UniRef100_P50733,UniRef50_P50733,UniRef90_P50733,https://doi.org/10.1016/j.jhazmat.2025.138330,286
498,porcine pancreatic lipase,1,375,Sus scrofa,Chordata,PC,,AAF67823;AAZ22441,ENSSSCP00000001686.2;ENSSSCP00005034371;ENSSSCP00015022451;ENSSSCP00025024313;ENSSSCP00030047770;ENSSSCP00035008701;ENSSSCP00040005296;ENSSSCP00045042936;ENSSSCP00050035785;ENSSSCP00055019814;ENSSSCP00060047727;ENSSSCP00065022705;ENSSSCP00070007439;ENSSSCP00085027158,,1ETH;1LPA;1LPB;1N8S;1PCN;1PCO,NP_999368.1,UPI0000127E7A;UPI000012E71A,P00591;P02703,UniRef100_P00591;UniRef100_P02703,UniRef50_P04118;UniRef50_P54317,UniRef90_P00591;UniRef90_P02703,https://doi.org/10.1016/j.enzmictec.2010.09.011,438
499,CRL,1,41,Diutina rugosa,Ascomycota,PC,,CAA34684;CAA45957,,,1CRL;1LPM;1LPN;1LPO;1LPP;1LPS;1TRH;3RAR,,UPI00001124B2,P20261,UniRef100_P20261,UniRef50_P20261,UniRef90_P20261,https://doi.org/10.1016/j.enzmictec.2010.09.011,549
500,CCPUR1,1,384,Chelatococcus composti,Pseudomonadota,PA|PUR,,MBB6168441,,,,WP_183334747.1,UPI00161BD289,A0A841K7K4,UniRef100_A0A841K7K4,UniRef50_A0A0Q3I386,UniRef90_A0A841K7K4,https://doi.org/10.1002/anie.6159643,475
501,CCPUR2,1,385,Chelatococcus,Pseudomonadota,PA|PUR,,,,,,,,,,,,https://doi.org/10.1002/anie.6159643,479
502,AMPUR6,1,386,Aeromicrobium massiliense,Actinomycetota,PUR,,,,,,,,,,,,https://doi.org/10.1002/anie.6159643,475
503,CCPUR7,1,387,Cellulosimicrobium cellulans,Actinomycetota,PUR,,,,,,WP_313663876.1,,,,,,https://doi.org/10.1002/anie.6159643,490
504,PMGPUR8,1,388,plastic metagenome,,PUR,,,,,,,,,,,,https://doi.org/10.1002/anie.6159643,519
505,PMGPUR9,1,388,plastic metagenome,,PUR,,,,,,,,,,,,https://doi.org/10.1002/anie.6159643,499
506,ABO_1197,1,57,Alcanivorax borkumensis,Pseudomonadota,PLA,,CAL16645,,,,WP_011588480.1,UPI0000DB3312,Q0VQA3,UniRef100_Q0VQA3,UniRef50_A0ABS0AFW5,UniRef90_Q0VQA3,https://doi.org/10.1007/s00253-014-6038-3,322
507,ABO_1251,1,57,Alcanivorax borkumensis,Pseudomonadota,PLA,,CAL16699,,,,WP_011588534.1,UPI0000DB3346,Q0VQ49,UniRef100_Q0VQ49,UniRef50_A0A0B4XPF0,UniRef90_Q0VQ49,https://doi.org/10.1007/s00253-014-6038-3,512
